ORF,Gene Name,Raw Half life,Corrected Half Life, 

YAL001C,TFC3,475,475,

YAL005C,SSA1,77,77,

YAL007C,ERP2,49,49,

YAL008W,FUN14,26,26,

YAL010C,MDM10,43,43,

YAL011W,SWC3,56,56,

YAL016W,TPD3,180,180,

YAL017W,PSK1,3,3

YAL019W,FUN30,28,28

YAL021C,CCR4,224,224

YAL022C,FUN26,3,3

YAL023C,PMT2,61,61

YAL024C,LTE1,144,144

YAL026C,DRS2,20,20

YAL027W,,36,36

YAL031C,FUN21,17,17

YAL032C,PRP45,474,474

YAL033W,POP5,47,47

YAL034W-A,MTW1,-599,300

YAL035W,FUN12,321,321

YAL036C,RBG1,57,57

YAL039C,CYC3,2,2

YAL041W,CDC24,73,73

YAL046C,,115997,115997

YAL047C,SPC72,-191,300

YAL049C,,560,560

YAL053W,,29,29

YAL054C,ACS1,29,29

YAL055W,PEX22,70,70

YAL056W,GPB2,8,8

YAL058W,CNE1,71,71

YAL059W,ECM1,36,36

YAL060W,BDH1,68,68

YAR002C-A,ERP1,33,33

YAR002W,NUP60,15,15

YAR003W,SWD1,42,42

YAR007C,RFA1,35,35

YAR014C,BUD14,29,29

YAR015W,ADE1,77,77

YAR019C,CDC15,109,109

YAR028W,,62,62

YAR031W,PRM9,104,104

YAR062W,,54,54

YAR071W,PHO11,10,10

YBL001C,ECM15,124,124

YBL002W,HTB2,-1503,300

YBL003C,HTA2,167,167

YBL005W,PDR3,51,51

YBL007C,SLA1,41,41

YBL008W,HIR1,49,49

YBL010C,,111,111

YBL011W,SCT1,205,205

YBL014C,RRN6,33,33

YBL015W,ACH1,6,6

YBL016W,FUS3,43,43

YBL017C,PEP1,30,30

YBL018C,POP8,45,45

YBL019W,APN2,40,40

YBL021C,HAP3,51,51

YBL023C,MCM2,124,124

YBL024W,NCL1,36,36

YBL025W,RRN10,411,411

YBL026W,LSM2,31,31

YBL027W,RPL19B,48,48

YBL028C,,73,73

YBL029C-A,,12,12

YBL029W,,31,31

YBL032W,HEK2,-283,300

YBL033C,RIB1,-497,300

YBL034C,STU1,100,100

YBL035C,POL12,52,52

YBL036C,,-80,300

YBL037W,APL3,47,47

YBL038W,MRPL16,276,276

YBL039C,URA7,389,389

YBL040C,ERD2,96,96

YBL042C,FUI1,-526,300

YBL045C,COR1,291,291

YBL046W,,65,65

YBL047C,EDE1,74,74

YBL051C,PIN4,20,20

YBL052C,SAS3,7,7

YBL054W,,18,18

YBL055C,,58,58

YBL056W,PTC3,54,54

YBL057C,PTH2,34,34

YBL058W,SHP1,62,62

YBL059C-A,,58,58

YBL059W,,71,71

YBL060W,,22,22

YBL061C,SKT5,10,10

YBL064C,PRX1,117,117

YBL067C,UBP13,32,32

YBL068W,PRS4,116,116

YBL069W,AST1,6,6

YBL074C,AAR2,250,250

YBL075C,SSA3,59,59

YBL076C,ILS1,88,88

YBL078C,ATG8,289,289

YBL079W,NUP170,20,20

YBL082C,RHK1,30,30

YBL084C,CDC27,3,3

YBL085W,BOI1,3,3

YBL086C,,32,32

YBL090W,MRP21,66,66

YBL091C,MAP2,36,36

YBL091C-A,SCS22,15,15

YBL093C,ROX3,123,123

YBL095W,,46,46

YBL097W,BRN1,3,3

YBL098W,BNA4,175,175

YBL099W,ATP1,49,49

YBL101C,ECM21,68,68

YBL103C,RTG3,36,36

YBL107C,,8,8

YBL108W,,8,8

YBR001C,NTH2,29,29

YBR003W,COQ1,64,64

YBR006W,UGA2,31,31

YBR007C,DSF2,20,20

YBR009C,HHF1,62,62

YBR010W,HHT1,-814,300

YBR011C,IPP1,883,883

YBR015C,MNN2,15,15

YBR016W,,98,98

YBR017C,KAP104,41,41

YBR022W,POA1,65,65

YBR023C,CHS3,49,49

YBR024W,SCO2,13,13

YBR025C,,136,136

YBR026C,ETR1,23,23

YBR028C,,64,64

YBR030W,,37,37

YBR034C,HMT1,43,43

YBR036C,CSG2,31,31

YBR037C,SCO1,74,74

YBR039W,ATP3,-169,300

YBR043C,QDR3,30,30

YBR046C,ZTA1,2,2

YBR048W,RPS11B,19,19

YBR049C,REB1,12,12

YBR052C,,-551,300

YBR053C,,20,20

YBR054W,YRO2,83,83

YBR055C,PRP6,2,2

YBR056W,,3,3

YBR057C,MUM2,40,40

YBR058C,UBP14,39,39

YBR059C,AKL1,131,131

YBR060C,ORC2,25,25

YBR061C,TRM7,39,39

YBR062C,,8,8

YBR065C,ECM2,41,41

YBR066C,NRG2,10,10

YBR067C,TIP1,233,233

YBR068C,BAP2,18,18

YBR069C,TAT1,42,42

YBR070C,,43,43

YBR071W,,3,3

YBR072W,HSP26,-113,300

YBR073W,RDH54,30,30

YBR077C,,539,539

YBR080C,SEC18,37,37

YBR081C,SPT7,193,193

YBR082C,UBC4,12,12

YBR084C-A,RPL19A,985,985

YBR084W,MIS1,73,73

YBR085W,AAC3,21,21

YBR086C,IST2,482,482

YBR087W,RFC5,138,138

YBR089C-A,NHP6B,103,103

YBR092C,PHO3,9,9

YBR093C,PHO5,18,18

YBR094W,,2,2

YBR095C,RXT2,72,72

YBR096W,,32,32

YBR097W,VPS15,2,2

YBR101C,FES1,154,154

YBR103W,SIF2,39,39

YBR104W,YMC2,16,16

YBR105C,VID24,-3982,300

YBR106W,PHO88,101,101

YBR111C,YSA1,194,194

YBR112C,CYC8,13,13

YBR114W,RAD16,33,33

YBR115C,LYS2,117,117

YBR118W,TEF2,30,30

YBR119W,MUD1,-18948,300

YBR120C,CBP6,935,935

YBR121C,GRS1,44,44

YBR122C,MRPL36,28,28

YBR123C,TFC1,22,22

YBR125C,PTC4,62,62

YBR126C,TPS1,-70,300

YBR127C,VMA2,29,29

YBR129C,OPY1,9,9

YBR130C,SHE3,70,70

YBR131W,CCZ1,30,30

YBR132C,AGP2,89,89

YBR133C,HSL7,14,14

YBR135W,CKS1,52,52

YBR137W,,16,16

YBR138C,,5,5

YBR139W,,18,18

YBR141C,,13,13

YBR142W,MAK5,127,127

YBR143C,SUP45,62,62

YBR148W,YSW1,18,18

YBR149W,ARA1,96,96

YBR150C,TBS1,73,73

YBR151W,APD1,55,55

YBR152W,SPP381,45,45

YBR155W,CNS1,33,33

YBR156C,SLI15,13,13

YBR158W,AMN1,17,17

YBR159W,,988,988

YBR160W,CDC28,-74,300

YBR162C,TOS1,67,67

YBR162W-A,YSY6,4,4

YBR163W,DEM1,27,27

YBR164C,ARL1,-120,300

YBR166C,TYR1,79,79

YBR167C,POP7,66,66

YBR168W,PEX32,49,49

YBR169C,SSE2,5252,5252

YBR170C,NPL4,29,29

YBR171W,SEC66,-3619,300

YBR172C,SMY2,19,19

YBR173C,UMP1,17,17

YBR175W,SWD3,1181,1181

YBR176W,ECM31,118,118

YBR177C,EHT1,-779,300

YBR179C,FZO1,24,24

YBR185C,MBA1,187,187

YBR188C,NTC20,-268,300

YBR189W,RPS9B,29,29

YBR193C,MED8,-1925,300

YBR194W,SOY1,152,152

YBR195C,MSI1,31,31

YBR196C,PGI1,540,540

YBR197C,,93,93

YBR198C,TAF5,21,21

YBR199W,KTR4,12,12

YBR200W,BEM1,19,19

YBR201W,DER1,3,3

YBR205W,KTR3,17,17

YBR207W,FTH1,60,60

YBR208C,"DUR1,2",45,45

YBR211C,AME1,68,68

YBR212W,NGR1,28,28

YBR214W,SDS24,54,54

YBR215W,HPC2,16,16

YBR216C,YBP1,23,23

YBR218C,PYC2,40,40

YBR221C,PDB1,72,72

YBR222C,PCS60,27,27

YBR225W,,9,9

YBR227C,MCX1,83,83

YBR229C,ROT2,27,27

YBR230C,,-184,300

YBR231C,SWC5,22,22

YBR233W,PBP2,36,36

YBR233W-A,DAD3,228,228

YBR234C,ARC40,66,66

YBR235W,,31,31

YBR238C,,19,19

YBR239C,,16,16

YBR241C,,86,86

YBR242W,,33,33

YBR244W,GPX2,168,168

YBR245C,ISW1,37,37

YBR246W,,83,83

YBR247C,ENP1,35,35

YBR248C,HIS7,56,56

YBR249C,ARO4,71,71

YBR251W,MRPS5,201,201

YBR252W,DUT1,-84,300

YBR253W,SRB6,176,176

YBR255W,,3,3

YBR256C,RIB5,280,280

YBR258C,SHG1,45,45

YBR259W,,15,15

YBR260C,RGD1,45,45

YBR261C,,-240,300

YBR262C,FMP51,-127,300

YBR263W,SHM1,43,43

YBR264C,YPT10,57,57

YBR265W,TSC10,206,206

YBR266C,,11,11

YBR267W,REI1,116,116

YBR268W,MRPL37,-477,300

YBR271W,,80,80

YBR272C,HSM3,15,15

YBR273C,UBX7,47,47

YBR274W,CHK1,30,30

YBR278W,DPB3,1162,1162

YBR279W,PAF1,117,117

YBR281C,,56,56

YBR282W,MRPL27,132,132

YBR286W,APE3,9,9

YBR287W,ZSP1,29,29

YBR288C,APM3,79,79

YBR289W,SNF5,3,3

YBR290W,BSD2,48,48

YBR299W,MAL32,42,42

YBR302C,COS2,8,8

YCL005W,,42,42

YCL008C,STP22,46,46

YCL009C,ILV6,105,105

YCL010C,SGF29,42,42

YCL011C,GBP2,61,61

YCL014W,BUD3,8,8

YCL016C,DCC1,63,63

YCL024W,KCC4,22,22

YCL025C,AGP1,19,19

YCL028W,RNQ1,51,51

YCL029C,BIK1,77,77

YCL031C,RRP7,101,101

YCL032W,STE50,39,39

YCL033C,,-97,300

YCL035C,GRX1,-296,300

YCL039W,GID7,23,23

YCL040W,GLK1,142,142

YCL043C,PDI1,8,8

YCL044C,,99,99

YCL045C,,48,48

YCL047C,,210,210

YCL049C,,19,19

YCL050C,APA1,122,122

YCL052C,PBN1,-225,300

YCL055W,KAR4,17,17

YCL056C,,37,37

YCL057W,PRD1,63,63

YCL059C,KRR1,191,191

YCL061C,MRC1,98,98

YCL063W,VAC17,31,31

YCL064C,CHA1,70,70

YCR003W,MRPL32,225,225

YCR005C,CIT2,30,30

YCR008W,SAT4,12,12

YCR009C,RVS161,50,50

YCR011C,ADP1,-482,300

YCR012W,PGK1,199,199

YCR016W,,68,68

YCR017C,CWH43,689,689

YCR018C,SRD1,2,2

YCR020C,PET18,65,65

YCR020W-B,HTL1,30,30

YCR023C,,48,48

YCR024C,,27,27

YCR026C,,11,11

YCR027C,RHB1,34,34

YCR030C,SYP1,-2326,300

YCR031C,RPS14A,40,40

YCR034W,FEN1,-73,300

YCR035C,RRP43,98,98

YCR036W,RBK1,61,61

YCR037C,PHO87,10,10

YCR038C,BUD5,122,122

YCR039C,MATALPHA2,107,107

YCR042C,TAF2,136,136

YCR043C,,27,27

YCR044C,PER1,-77,300

YCR046C,IMG1,234,234

YCR047C,BUD23,44,44

YCR048W,ARE1,36,36

YCR052W,RSC6,34,34

YCR053W,THR4,148,148

YCR054C,CTR86,87,87

YCR057C,PWP2,-332,300

YCR059C,YIH1,42,42

YCR060W,TAH1,47,47

YCR063W,BUD31,26,26

YCR065W,HCM1,15,15

YCR066W,RAD18,22,22

YCR067C,SED4,62,62

YCR068W,ATG15,12,12

YCR069W,CPR4,41,41

YCR071C,IMG2,190,190

YCR073W-A,SOL2,45,45

YCR075C,ERS1,7,7

YCR077C,PAT1,15,15

YCR079W,,67,67

YCR081W,SRB8,41,41

YCR082W,AHC2,21,21

YCR083W,TRX3,175,175

YCR084C,TUP1,27,27

YCR087C-A,,117,117

YCR088W,ABP1,18,18

YCR090C,,8,8

YCR092C,MSH3,21,21

YCR093W,CDC39,53,53

YCR094W,CDC50,47,47

YCR095C,,104,104

YDL001W,RMD1,2,2

YDL002C,NHP10,54,54

YDL005C,MED2,38,38

YDL006W,PTC1,-247,300

YDL007W,RPT2,17,17

YDL008W,APC11,11,11

YDL010W,,2,2

YDL012C,,320,320

YDL013W,HEX3,17,17

YDL015C,TSC13,59,59

YDL017W,CDC7,35,35

YDL018C,ERP3,-102,300

YDL019C,OSH2,15,15

YDL020C,RPN4,3,3

YDL021W,GPM2,47,47

YDL022W,GPD1,250,250

YDL025C,,32,32

YDL027C,,22,22

YDL028C,MPS1,3,3

YDL029W,ARP2,-1039,300

YDL030W,PRP9,21,21

YDL033C,MTO2,44,44

YDL035C,GPR1,31,31

YDL036C,,129,129

YDL040C,NAT1,65,65

YDL042C,SIR2,21,21

YDL043C,PRP11,108,108

YDL045C,FAD1,1197,1197

YDL046W,NPC2,6,6

YDL047W,SIT4,34,34

YDL048C,STP4,2,2

YDL052C,SLC1,138,138

YDL053C,PBP4,44,44

YDL056W,MBP1,20,20

YDL058W,USO1,66,66

YDL059C,RAD59,23,23

YDL060W,TSR1,27,27

YDL061C,RPS29B,-183,300

YDL063C,,35,35

YDL064W,UBC9,86,86

YDL065C,PEX19,56,56

YDL067C,COX9,-957,300

YDL069C,CBS1,120,120

YDL070W,BDF2,9,9

YDL074C,BRE1,61,61

YDL078C,MDH3,64,64

YDL080C,THI3,33,33

YDL082W,RPL13A,30,30

YDL084W,SUB2,17,17

YDL085C-A,,73,73

YDL085W,NDE2,48,48

YDL087C,LUC7,-591,300

YDL088C,ASM4,32,32

YDL089W,,27,27

YDL090C,RAM1,65,65

YDL091C,UBX3,7,7

YDL092W,SRP14,-272,300

YDL095W,PMT1,171,171

YDL097C,RPN6,51,51

YDL098C,SNU23,35,35

YDL099W,,63,63

YDL100C,ARR4,19,19

YDL101C,DUN1,102,102

YDL103C,QRI1,60,60

YDL104C,QRI7,130,130

YDL105W,QRI2,25,25

YDL106C,PHO2,48,48

YDL108W,KIN28,336,336

YDL109C,,15,15

YDL110C,,19,19

YDL111C,RRP42,-489,300

YDL112W,TRM3,18,18

YDL113C,ATG20,55,55

YDL115C,IWR1,40,40

YDL116W,NUP84,230,230

YDL117W,CYK3,41,41

YDL119C,,429,429

YDL120W,YFH1,-179,300

YDL121C,,-289,300

YDL122W,UBP1,38,38

YDL123W,SNA4,63,63

YDL124W,,55,55

YDL125C,HNT1,267,267

YDL126C,CDC48,34,34

YDL128W,VCX1,35,35

YDL130W,RPP1B,395,395

YDL131W,LYS21,450,450

YDL134C,PPH21,45,45

YDL135C,RDI1,-83,300

YDL136W,RPL35B,142,142

YDL137W,ARF2,113,113

YDL138W,RGT2,3,3

YDL139C,SCM3,28,28

YDL140C,RPO21,22,22

YDL141W,BPL1,23,23

YDL143W,CCT4,125,125

YDL144C,,145,145

YDL145C,COP1,92,92

YDL146W,,3,3

YDL147W,RPN5,87,87

YDL149W,ATG9,2,2

YDL150W,RPC53,31,31

YDL155W,CLB3,20,20

YDL156W,,113,113

YDL157C,,37,37

YDL159W,STE7,14,14

YDL160C,DHH1,176,176

YDL161W,ENT1,39,39

YDL165W,CDC36,-83,300

YDL166C,FAP7,16513,16513

YDL167C,NRP1,20,20

YDL168W,SFA1,48,48

YDL170W,UGA3,22,22

YDL171C,GLT1,61,61

YDL173W,,72,72

YDL174C,DLD1,61,61

YDL175C,AIR2,30,30

YDL176W,,3,3

YDL177C,,110,110

YDL178W,DLD2,38,38

YDL181W,INH1,44,44

YDL182W,LYS20,186,186

YDL184C,RPL41A,34,34

YDL185W,TFP1,109,109

YDL188C,PPH22,61,61

YDL189W,RBS1,25,25

YDL190C,UFD2,-781,300

YDL192W,ARF1,-366,300

YDL195W,SEC31,26,26

YDL197C,ASF2,24,24

YDL201W,TRM8,9287,9287

YDL202W,MRPL11,-286,300

YDL203C,,24,24

YDL204W,RTN2,193,193

YDL205C,HEM3,-61,300

YDL207W,GLE1,31,31

YDL209C,CWC2,75,75

YDL212W,SHR3,95,95

YDL213C,NOP6,-796,300

YDL216C,RRI1,24,24

YDL219W,DTD1,466,466

YDL220C,CDC13,42,42

YDL222C,FMP45,74,74

YDL225W,SHS1,76,76

YDL226C,GCS1,109,109

YDL227C,HO,2,2

YDL229W,SSB1,149,149

YDL230W,PTP1,11,11

YDL233W,,45,45

YDL234C,GYP7,77,77

YDL235C,YPD1,107,107

YDL238C,GUD1,172,172

YDL240W,LRG1,62,62

YDL241W,,13,13

YDR001C,NTH1,30,30

YDR003W,RCR2,78,78

YDR004W,RAD57,34,34

YDR005C,MAF1,31,31

YDR007W,TRP1,52,52

YDR009W,GAL3,18,18

YDR012W,RPL4B,-62,300

YDR013W,PSF1,67,67

YDR014W,RAD61,15,15

YDR016C,DAD1,80,80

YDR017C,KCS1,19,19

YDR019C,GCV1,95,95

YDR020C,,27,27

YDR021W,FAL1,46,46

YDR022C,CIS1,165,165

YDR025W,RPS11A,26,26

YDR027C,VPS54,29,29

YDR032C,PST2,40,40

YDR033W,MRH1,208,208

YDR034C,LYS14,48,48

YDR034W-B,,-83,300

YDR035W,ARO3,61,61

YDR036C,EHD3,67,67

YDR038C,ENA5,43,43

YDR039C,ENA2,288,288

YDR040C,ENA1,-345,300

YDR043C,NRG1,10,10

YDR046C,BAP3,27,27

YDR047W,HEM12,845,845

YDR049W,,37,37

YDR050C,TPI1,96,96

YDR051C,,46,46

YDR052C,DBF4,12,12

YDR055W,PST1,20,20

YDR056C,,127,127

YDR059C,UBC5,77,77

YDR060W,MAK21,103,103

YDR061W,,37,37

YDR062W,LCB2,29,29

YDR063W,,-511,300

YDR065W,,31,31

YDR066C,,113,113

YDR067C,,126,126

YDR068W,DOS2,100,100

YDR069C,DOA4,69,69

YDR070C,FMP16,43,43

YDR071C,PAA1,47,47

YDR072C,IPT1,23,23

YDR073W,SNF11,30,30

YDR075W,PPH3,61,61

YDR076W,RAD55,14,14

YDR079W,PET100,15,15

YDR080W,VPS41,124,124

YDR081C,PDC2,85,85

YDR083W,RRP8,81,81

YDR087C,RRP1,51,51

YDR088C,SLU7,79,79

YDR089W,,3,3

YDR090C,,87,87

YDR091C,RLI1,38,38

YDR092W,UBC13,-350,300

YDR093W,DNF2,19,19

YDR096W,GIS1,28,28

YDR097C,MSH6,31,31

YDR098C,GRX3,226,226

YDR099W,BMH2,-300,300

YDR100W,TVP15,76,76

YDR101C,ARX1,96,96

YDR103W,STE5,5,5

YDR108W,GSG1,42,42

YDR109C,,3,3

YDR110W,FOB1,12,12

YDR111C,ALT2,35,35

YDR115W,,93,93

YDR116C,MRPL1,47,47

YDR117C,,-106,300

YDR118W,APC4,100,100

YDR119W,,9,9

YDR120C,TRM1,29,29

YDR121W,DPB4,137,137

YDR122W,KIN1,487,487

YDR123C,INO2,13,13

YDR124W,,65,65

YDR125C,ECM18,33,33

YDR127W,ARO1,60,60

YDR128W,,3,3

YDR129C,SAC6,96,96

YDR132C,,11,11

YDR135C,YCF1,56,56

YDR137W,RGP1,32,32

YDR138W,HPR1,27,27

YDR140W,,239,239

YDR141C,DOP1,23,23

YDR142C,PEX7,174,174

YDR143C,SAN1,7,7

YDR144C,MKC7,31,31

YDR145W,TAF12,48,48

YDR147W,EKI1,37,37

YDR148C,KGD2,51,51

YDR152W,GIR2,39,39

YDR153C,ENT5,21,21

YDR155C,CPR1,-528,300

YDR156W,RPA14,-72,300

YDR158W,HOM2,105,105

YDR159W,SAC3,35,35

YDR161W,,107,107

YDR164C,SEC1,2,2

YDR165W,TRM82,26,26

YDR166C,SEC5,28,28

YDR167W,TAF10,-67,300

YDR168W,CDC37,454,454

YDR169C,STB3,39,39

YDR170C,SEC7,65,65

YDR171W,HSP42,72,72

YDR173C,ARG82,367,367

YDR174W,HMO1,-472,300

YDR175C,RSM24,30,30

YDR176W,NGG1,28,28

YDR177W,UBC1,45,45

YDR178W,SDH4,481,481

YDR179C,CSN9,40,40

YDR179W-A,,24,24

YDR180W,SCC2,21,21

YDR181C,SAS4,21,21

YDR182W,CDC1,6,6

YDR183W,PLP1,20,20

YDR184C,ATC1,2,2

YDR185C,,25,25

YDR189W,SLY1,32,32

YDR190C,RVB1,-601,300

YDR191W,HST4,33,33

YDR194C,MSS116,162,162

YDR196C,,-855,300

YDR197W,CBS2,73,73

YDR198C,,28,28

YDR200C,VPS64,29,29

YDR201W,SPC19,-84,300

YDR202C,RAV2,1058,1058

YDR210W,,-1610,300

YDR211W,GCD6,-302,300

YDR213W,UPC2,33,33

YDR214W,AHA1,34,34

YDR216W,ADR1,58,58

YDR217C,RAD9,-562,300

YDR219C,,53,53

YDR221W,,26,26

YDR222W,,76,76

YDR224C,HTB1,-1052,300

YDR226W,ADK1,217,217

YDR228C,PCF11,34,34

YDR229W,IVY1,36,36

YDR230W,,3,3

YDR233C,RTN1,-142,300

YDR234W,LYS4,40,40

YDR235W,PRP42,90,90

YDR236C,FMN1,-220,300

YDR240C,SNU56,268,268

YDR243C,PRP28,31,31

YDR244W,PEX5,23,23

YDR245W,MNN10,84,84

YDR247W,VHS1,28,28

YDR248C,,44,44

YDR251W,PAM1,112,112

YDR252W,BTT1,262,262

YDR254W,CHL4,35,35

YDR256C,CTA1,31,31

YDR257C,SET7,-340,300

YDR258C,HSP78,57,57

YDR259C,YAP6,21,21

YDR261C,EXG2,11,11

YDR262W,,83,83

YDR264C,AKR1,90,90

YDR265W,PEX10,-677,300

YDR266C,,22,22

YDR267C,,97,97

YDR268W,MSW1,-112,300

YDR272W,GLO2,298,298

YDR275W,BSC2,73,73

YDR276C,PMP3,77,77

YDR277C,MTH1,28,28

YDR279W,RNH202,31,31

YDR283C,GCN2,29,29

YDR288W,NSE3,22,22

YDR289C,RTT103,86,86

YDR291W,,16,16

YDR292C,SRP101,49,49

YDR293C,SSD1,18,18

YDR294C,DPL1,32,32

YDR295C,HDA2,41,41

YDR296W,MHR1,1417,1417

YDR297W,SUR2,-129,300

YDR298C,ATP5,-113,300

YDR299W,BFR2,20,20

YDR300C,PRO1,-654,300

YDR301W,CFT1,-676,300

YDR302W,GPI11,305,305

YDR303C,RSC3,25,25

YDR305C,HNT2,126,126

YDR307W,,29,29

YDR308C,SRB7,-460,300

YDR309C,GIC2,13,13

YDR310C,SUM1,12,12

YDR311W,TFB1,35,35

YDR312W,SSF2,50,50

YDR314C,,11,11

YDR316W,OMS1,24,24

YDR318W,MCM21,104,104

YDR319C,,44,44

YDR320C,SWA2,22,22

YDR322W,MRPL35,1206,1206

YDR323C,PEP7,3,3

YDR324C,UTP4,46,46

YDR325W,YCG1,23,23

YDR329C,PEX3,2,2

YDR330W,UBX5,41,41

YDR331W,GPI8,21,21

YDR332W,,46,46

YDR333C,,19,19

YDR335W,MSN5,-2587,300

YDR337W,MRPS28,50,50

YDR338C,,18,18

YDR342C,HXT7,81,81

YDR345C,HXT3,-185,300

YDR346C,SVF1,55,55

YDR347W,MRP1,44,44

YDR348C,,31,31

YDR354W,TRP4,24,24

YDR356W,SPC110,36,36

YDR357C,,22,22

YDR361C,BCP1,169,169

YDR362C,TFC6,11,11

YDR363W-A,SEM1,37,37

YDR364C,CDC40,38,38

YDR365C,ESF1,2,2

YDR367W,,173,173

YDR368W,YPR1,74,74

YDR370C,,54,54

YDR371W,CTS2,62,62

YDR372C,VPS74,127,127

YDR373W,FRQ1,34,34

YDR376W,ARH1,78,78

YDR377W,ATP17,50,50

YDR379C-A,,11,11

YDR379W,RGA2,-310,300

YDR380W,ARO10,30,30

YDR382W,RPP2B,-7587,300

YDR384C,ATO3,36,36

YDR385W,EFT2,-626,300

YDR386W,MUS81,20,20

YDR388W,RVS167,41,41

YDR389W,SAC7,16,16

YDR390C,UBA2,47,47

YDR391C,,40,40

YDR392W,SPT3,329,329

YDR395W,SXM1,196,196

YDR397C,NCB2,99,99

YDR399W,HPT1,-74,300

YDR400W,URH1,106,106

YDR404C,RPB7,35,35

YDR405W,MRP20,5525,5525

YDR407C,TRS120,-978,300

YDR408C,ADE8,346,346

YDR409W,SIZ1,7,7

YDR410C,STE14,249,249

YDR411C,DFM1,82,82

YDR412W,,82,82

YDR416W,SYF1,26,26

YDR418W,RPL12B,4849,4849

YDR419W,RAD30,61,61

YDR421W,ARO80,4,4

YDR422C,SIP1,23,23

YDR423C,CAD1,26,26

YDR424C,DYN2,10,10

YDR425W,SNX41,54,54

YDR427W,RPN9,116,116

YDR434W,GPI17,83,83

YDR436W,PPZ2,43,43

YDR437W,,-109,300

YDR439W,LRS4,38,38

YDR440W,DOT1,63,63

YDR441C,APT2,28,28

YDR444W,,4,4

YDR447C,RPS17B,140,140

YDR448W,ADA2,59,59

YDR449C,UTP6,34,34

YDR450W,RPS18A,63,63

YDR451C,YHP1,3,3

YDR452W,PPN1,9,9

YDR453C,TSA2,149,149

YDR454C,GUK1,-87,300

YDR456W,NHX1,147,147

YDR457W,TOM1,46,46

YDR458C,,28,28

YDR460W,TFB3,82,82

YDR461W,MFA1,93,93

YDR462W,MRPL28,8,8

YDR463W,STP1,23,23

YDR465C,RMT2,69,69

YDR469W,SDC1,179,179

YDR476C,,50,50

YDR477W,SNF1,34,34

YDR478W,SNM1,75,75

YDR479C,PEX29,52,52

YDR480W,DIG2,40,40

YDR481C,PHO8,3,3

YDR482C,CWC21,2,2

YDR483W,KRE2,2,2

YDR484W,VPS52,29,29

YDR485C,VPS72,1855,1855

YDR486C,VPS60,191,191

YDR487C,RIB3,20,20

YDR488C,PAC11,55,55

YDR490C,PKH1,13,13

YDR492W,IZH1,49,49

YDR493W,FMP36,210,210

YDR495C,VPS3,54,54

YDR497C,ITR1,59,59

YDR498C,SEC20,39,39

YDR499W,LCD1,14,14

YDR500C,RPL37B,53,53

YDR505C,PSP1,21,21

YDR506C,,10,10

YDR510W,SMT3,7,7

YDR511W,ACN9,27,27

YDR513W,TTR1,-209,300

YDR514C,,35,35

YDR515W,SLF1,24,24

YDR516C,EMI2,31,31

YDR517W,GRH1,61,61

YDR519W,FPR2,-1164,300

YDR520C,,16,16

YDR525W-A,SNA2,224,224

YDR527W,RBA50,61,61

YDR528W,HLR1,55,55

YDR530C,APA2,36,36

YDR532C,,145,145

YDR533C,HSP31,-84,300

YDR538W,PAD1,27,27

YDR539W,,42,42

YDR540C,,6,6

YEL001C,,237,237

YEL003W,GIM4,-308,300

YEL004W,YEA4,49,49

YEL005C,VAB2,75,75

YEL006W,,10,10

YEL007W,,8,8

YEL008W,,341,341

YEL009C,GCN4,5,5

YEL012W,UBC8,87,87

YEL013W,VAC8,103,103

YEL015W,EDC3,61,61

YEL016C,,7,7

YEL017C-A,PMP2,-167,300

YEL017W,GTT3,77,77

YEL018W,EAF5,81,81

YEL019C,MMS21,121,121

YEL022W,GEA2,16,16

YEL029C,BUD16,17,17

YEL031W,SPF1,-113,300

YEL032W,MCM3,31,31

YEL039C,CYC7,236,236

YEL040W,UTR2,22,22

YEL041W,,70,70

YEL042W,GDA1,2,2

YEL043W,,23,23

YEL044W,IES6,-77,300

YEL046C,GLY1,1367,1367

YEL047C,,201,201

YEL048C,,607,607

YEL050C,RML2,79,79

YEL052W,AFG1,65,65

YEL054C,RPL12A,10,10

YEL055C,POL5,32,32

YEL058W,PCM1,43,43

YEL060C,PRB1,3,3

YEL061C,CIN8,25,25

YEL062W,NPR2,14,14

YEL063C,CAN1,29,29

YEL066W,HPA3,3,3

YEL070W,DSF1,227,227

YEL071W,DLD3,56,56

YER001W,MNN1,215,215

YER002W,NOP16,37,37

YER003C,PMI40,29,29

YER005W,YND1,35,35

YER006W,NUG1,738,738

YER007C-A,,74,74

YER007W,PAC2,22,22

YER008C,SEC3,29,29

YER010C,,21,21

YER011W,TIR1,2,2

YER012W,PRE1,1131,1131

YER013W,PRP22,45,45

YER014W,HEM14,151,151

YER015W,FAA2,26,26

YER016W,BIM1,56,56

YER017C,AFG3,45,45

YER018C,SPC25,167,167

YER019C-A,SBH2,20,20

YER019W,ISC1,58,58

YER020W,GPA2,16,16

YER021W,RPN3,23,23

YER022W,SRB4,39,39

YER023W,PRO3,-337,300

YER024W,YAT2,83,83

YER027C,GAL83,34,34

YER029C,SMB1,-179,300

YER030W,,-75,300

YER031C,YPT31,77,77

YER032W,FIR1,3,3

YER034W,,60,60

YER035W,EDC2,52,52

YER036C,ARB1,53,53

YER037W,PHM8,36,36

YER038C,KRE29,172,172

YER040W,GLN3,3,3

YER041W,YEN1,18,18

YER042W,MXR1,145,145

YER044C,ERG28,3,3

YER047C,SAP1,34,34

YER049W,,35,35

YER050C,RSM18,66,66

YER051W,,38,38

YER052C,HOM3,78,78

YER053C-A,,-231,300

YER054C,GIP2,40,40

YER056C,FCY2,30,30

YER056C-A,RPL34A,102,102

YER057C,HMF1,-193,300

YER059W,PCL6,52,52

YER061C,CEM1,-299,300

YER062C,HOR2,-948,300

YER063W,THO1,63,63

YER064C,,2,2

YER067W,,-296,300

YER068W,MOT2,25,25

YER070W,RNR1,77,77

YER071C,,67,67

YER073W,ALD5,64,64

YER075C,PTP3,38,38

YER077C,,41,41

YER078C,,28,28

YER079W,,42,42

YER080W,FMP29,40,40

YER081W,SER3,192,192

YER082C,UTP7,54,54

YER084W,,17,17

YER086W,ILV1,44,44

YER087C-A,,55,55

YER087W,,3,3

YER088C,DOT6,18,18

YER089C,PTC2,100,100

YER090W,TRP2,39,39

YER091C,MET6,38,38

YER092W,IES5,75,75

YER093C-A,,1178,1178

YER095W,RAD51,60,60

YER098W,UBP9,9,9

YER099C,PRS2,-5160,300

YER100W,UBC6,26,26

YER101C,AST2,19,19

YER102W,RPS8B,98,98

YER103W,SSA4,-186,300

YER104W,RTT105,3,3

YER105C,NUP157,33,33

YER110C,KAP123,130,130

YER111C,SWI4,141,141

YER112W,LSM4,217,217

YER114C,BOI2,22,22

YER118C,SHO1,95,95

YER120W,SCS2,553,553

YER122C,GLO3,56,56

YER123W,YCK3,25,25

YER124C,DSE1,2,2

YER126C,NSA2,70,70

YER127W,LCP5,31,31

YER128W,,117,117

YER129W,PAK1,240,240

YER131W,RPS26B,144,144

YER132C,PMD1,3,3

YER133W,GLC7,61,61

YER134C,,-313,300

YER136W,GDI1,-85,300

YER139C,,92,92

YER141W,COX15,50,50

YER142C,MAG1,-353,300

YER143W,DDI1,16,16

YER144C,UBP5,14,14

YER145C,FTR1,183,183

YER147C,SCC4,136,136

YER149C,PEA2,79,79

YER151C,UBP3,45,45

YER152C,,-320,300

YER153C,PET122,83,83

YER155C,BEM2,2616,2616

YER156C,,-185,300

YER157W,COG3,152,152

YER158C,,3,3

YER159C,BUR6,-1047,300

YER161C,SPT2,26,26

YER162C,RAD4,57,57

YER163C,,67,67

YER164W,CHD1,19,19

YER166W,DNF1,-87,300

YER168C,CCA1,159,159

YER169W,RPH1,55,55

YER170W,ADK2,135,135

YER171W,RAD3,31,31

YER172C,BRR2,8,8

YER173W,RAD24,15,15

YER174C,GRX4,-146,300

YER175C,TMT1,-187,300

YER178W,PDA1,77,77

YER182W,FMP10,71,71

YER183C,FAU1,-214,300

YER185W,,33,33

YFL001W,DEG1,78,78

YFL002C,SPB4,29,29

YFL004W,VTC2,26,26

YFL007W,BLM3,6,6

YFL008W,SMC1,25,25

YFL010C,WWM1,92,92

YFL013C,IES1,24,24

YFL016C,MDJ1,53,53

YFL017C,GNA1,25,25

YFL017W-A,SMX2,297,297

YFL021W,GAT1,21,21

YFL023W,BUD27,13,13

YFL024C,EPL1,85,85

YFL025C,BST1,69,69

YFL026W,STE2,9,9

YFL027C,GYP8,55,55

YFL028C,CAF16,219,219

YFL029C,CAK1,141,141

YFL031W,HAC1,12,12

YFL034C-A,RPL22B,-244,300

YFL034C-B,MOB2,18,18

YFL034W,,64,64

YFL041W,FET5,9,9

YFL044C,YOD1,69,69

YFL045C,SEC53,39,39

YFL046W,FMP32,63,63

YFL047W,RGD2,117,117

YFL048C,EMP47,13,13

YFL049W,,3,3

YFL050C,ALR2,3,3

YFL060C,SNO3,73,73

YFL062W,COS4,115,115

YFR001W,LOC1,-548,300

YFR002W,NIC96,35,35

YFR004W,RPN11,138,138

YFR005C,SAD1,7,7

YFR007W,,68,68

YFR008W,FAR7,36,36

YFR009W,GCN20,47,47

YFR010W,UBP6,83,83

YFR011C,,53,53

YFR013W,IOC3,87,87

YFR014C,CMK1,111,111

YFR015C,GSY1,36,36

YFR016C,,119,119

YFR017C,,-249,300

YFR018C,,642,642

YFR020W,,49,49

YFR021W,ATG18,140,140

YFR024C-A,LSB3,17,17

YFR025C,HIS2,119,119

YFR028C,CDC14,20,20

YFR030W,MET10,53,53

YFR031C,SMC2,41,41

YFR031C-A,RPL2A,257,257

YFR033C,QCR6,146,146

YFR036W,CDC26,2,2

YFR037C,RSC8,74,74

YFR039C,,6,6

YFR040W,SAP155,42,42

YFR044C,,82,82

YFR046C,CNN1,59,59

YFR047C,BNA6,239,239

YFR048W,RMD8,2,2

YFR049W,YMR31,1628,1628

YFR050C,PRE4,-91,300

YFR051C,RET2,49,49

YFR052W,RPN12,-171,300

YFR053C,HXK1,49,49

YFR055W,,30,30

YGL001C,ERG26,154,154

YGL004C,RPN14,53,53

YGL005C,COG7,-320,300

YGL008C,PMA1,45,45

YGL009C,LEU1,29,29

YGL011C,SCL1,73,73

YGL012W,ERG4,198,198

YGL014W,PUF4,22,22

YGL016W,KAP122,80,80

YGL017W,ATE1,443,443

YGL018C,JAC1,46,46

YGL019W,CKB1,17,17

YGL020C,MDM39,18,18

YGL021W,ALK1,184,184

YGL022W,STT3,19,19

YGL025C,PGD1,21,21

YGL026C,TRP5,29,29

YGL027C,CWH41,31,31

YGL028C,SCW11,-242,300

YGL029W,CGR1,36,36

YGL030W,RPL30,146,146

YGL031C,RPL24A,113,113

YGL035C,MIG1,35,35

YGL036W,,6,6

YGL037C,PNC1,-97,300

YGL038C,OCH1,6,6

YGL039W,,30,30

YGL040C,HEM2,-96,300

YGL043W,DST1,184,184

YGL044C,RNA15,71,71

YGL045W,RIM8,15,15

YGL047W,,-3088,300

YGL048C,RPT6,36,36

YGL049C,TIF4632,43,43

YGL050W,,253,253

YGL053W,PRM8,79,79

YGL054C,ERV14,40,40

YGL055W,OLE1,193,193

YGL056C,SDS23,63,63

YGL057C,,151,151

YGL058W,RAD6,114,114

YGL059W,,57,57

YGL060W,YBP2,45,45

YGL061C,DUO1,76,76

YGL062W,PYC1,-345,300

YGL064C,MRH4,121,121

YGL065C,ALG2,20,20

YGL066W,SGF73,20,20

YGL067W,NPY1,20,20

YGL068W,MNP1,59,59

YGL070C,RPB9,87,87

YGL071W,RCS1,23,23

YGL076C,RPL7A,113,113

YGL077C,HNM1,26,26

YGL078C,DBP3,33,33

YGL079W,,39,39

YGL080W,FMP37,37,37

YGL082W,,40,40

YGL083W,SCY1,36,36

YGL086W,MAD1,24,24

YGL087C,MMS2,51,51

YGL090W,LIF1,12,12

YGL092W,NUP145,28,28

YGL094C,PAN2,23,23

YGL095C,VPS45,68,68

YGL098W,USE1,34,34

YGL099W,LSG1,44,44

YGL100W,SEH1,72,72

YGL101W,,51,51

YGL107C,RMD9,55,55

YGL108C,,-102,300

YGL110C,CUE3,21,21

YGL111W,NSA1,48,48

YGL112C,TAF6,23,23

YGL113W,SLD3,16,16

YGL114W,,17,17

YGL115W,SNF4,-126,300

YGL119W,ABC1,25,25

YGL120C,PRP43,32,32

YGL122C,NAB2,44,44

YGL124C,MON1,37,37

YGL125W,MET13,54,54

YGL127C,SOH1,911,911

YGL128C,CWC23,46,46

YGL129C,RSM23,69,69

YGL130W,CEG1,3,3

YGL131C,SNT2,158,158

YGL133W,ITC1,116,116

YGL134W,PCL10,10,10

YGL135W,RPL1B,69,69

YGL137W,SEC27,53,53

YGL140C,,22,22

YGL141W,HUL5,28,28

YGL142C,GPI10,26,26

YGL143C,MRF1,123,123

YGL144C,ROG1,3,3

YGL145W,TIP20,40,40

YGL147C,RPL9A,53,53

YGL148W,ARO2,69,69

YGL150C,INO80,88,88

YGL151W,NUT1,-496,300

YGL153W,PEX14,66,66

YGL154C,LYS5,94,94

YGL155W,CDC43,7806,7806

YGL156W,AMS1,52,52

YGL157W,,56,56

YGL159W,,62,62

YGL160W,,95,95

YGL161C,YIP5,9,9

YGL162W,SUT1,21,21

YGL163C,RAD54,14,14

YGL164C,YRB30,59,59

YGL166W,CUP2,23,23

YGL167C,PMR1,57,57

YGL169W,SUA5,26,26

YGL172W,NUP49,51,51

YGL173C,KEM1,81,81

YGL175C,SAE2,16,16

YGL177W,,25,25

YGL180W,ATG1,47,47

YGL181W,GTS1,63,63

YGL184C,STR3,2,2

YGL185C,,52,52

YGL190C,CDC55,80,80

YGL194C,HOS2,125,125

YGL195W,GCN1,17,17

YGL200C,EMP24,-152,300

YGL201C,MCM6,21,21

YGL202W,ARO8,59,59

YGL203C,KEX1,51,51

YGL206C,CHC1,102,102

YGL207W,SPT16,26,26

YGL209W,MIG2,15,15

YGL211W,NCS6,-292,300

YGL212W,VAM7,61,61

YGL213C,SKI8,258,258

YGL216W,KIP3,12,12

YGL219C,MDM34,45,45

YGL220W,,45,45

YGL221C,NIF3,161,161

YGL223C,COG1,41,41

YGL225W,VRG4,29,29

YGL226W,,23,23

YGL227W,VID30,62,62

YGL228W,SHE10,230,230

YGL229C,SAP4,39,39

YGL231C,,17,17

YGL232W,TAN1,103,103

YGL233W,SEC15,43,43

YGL234W,"ADE5,7",162,162

YGL238W,CSE1,141,141

YGL240W,DOC1,17,17

YGL241W,KAP114,32,32

YGL244W,RTF1,23,23

YGL245W,GUS1,53,53

YGL246C,RAI1,82,82

YGL247W,BRR6,-131,300

YGL248W,PDE1,95,95

YGL252C,RTG2,69,69

YGL254W,FZF1,84,84

YGL255W,ZRT1,33,33

YGL256W,ADH4,-1042,300

YGR001C,,51,51

YGR002C,SWC4,48,48

YGR003W,CUL3,19,19

YGR005C,TFG2,-244,300

YGR007W,MUQ1,173,173

YGR008C,STF2,75,75

YGR010W,NMA2,65,65

YGR012W,,-373,300

YGR013W,SNU71,73,73

YGR014W,MSB2,38,38

YGR016W,,9,9

YGR017W,,180,180

YGR019W,UGA1,67,67

YGR020C,VMA7,49,49

YGR021W,,-4890,300

YGR024C,THG1,-653,300

YGR026W,,63,63

YGR027C,RPS25A,82,82

YGR028W,MSP1,36,36

YGR030C,POP6,27,27

YGR031W,,-1024,300

YGR033C,FMP17,26,26

YGR034W,RPL26B,-120,300

YGR036C,CAX4,-110,300

YGR037C,ACB1,-164,300

YGR038W,ORM1,151,151

YGR040W,KSS1,83,83

YGR041W,BUD9,40,40

YGR042W,,14,14

YGR043C,,61,61

YGR046W,,35,35

YGR047C,TFC4,23,23

YGR048W,UFD1,70,70

YGR049W,SCM4,29,29

YGR052W,FMP48,35,35

YGR055W,MUP1,35,35

YGR056W,RSC1,32,32

YGR058W,,16,16

YGR060W,ERG25,-646,300

YGR061C,ADE6,33,33

YGR065C,VHT1,42,42

YGR067C,,-250,300

YGR068C,,25,25

YGR071C,,38,38

YGR072W,UPF3,33,33

YGR074W,SMD1,128,128

YGR075C,PRP38,29,29

YGR076C,MRPL25,64,64

YGR077C,PEX8,26,26

YGR078C,PAC10,38,38

YGR080W,TWF1,150,150

YGR081C,SLX9,109,109

YGR082W,TOM20,-998,300

YGR084C,MRP13,82,82

YGR085C,RPL11B,-77,300

YGR086C,PIL1,113,113

YGR088W,CTT1,33,33

YGR089W,NNF2,16,16

YGR090W,UTP22,13266,13266

YGR091W,PRP31,33,33

YGR092W,DBF2,11,11

YGR093W,,70,70

YGR094W,VAS1,68,68

YGR095C,RRP46,101,101

YGR097W,ASK10,29,29

YGR099W,TEL2,248,248

YGR100W,MDR1,106,106

YGR101W,PCP1,56,56

YGR102C,,65,65

YGR104C,SRB5,124,124

YGR105W,VMA21,84,84

YGR106C,,39,39

YGR108W,CLB1,14,14

YGR111W,,108,108

YGR112W,SHY1,29,29

YGR116W,SPT6,36,36

YGR117C,,5,5

YGR118W,RPS23A,265,265

YGR119C,NUP57,14,14

YGR120C,COG2,158,158

YGR121C,MEP1,36,36

YGR122W,,138,138

YGR123C,PPT1,125,125

YGR124W,ASN2,41,41

YGR128C,UTP8,80,80

YGR129W,SYF2,81,81

YGR130C,,44,44

YGR132C,PHB1,27,27

YGR133W,PEX4,82,82

YGR134W,CAF130,10,10

YGR135W,PRE9,47,47

YGR138C,TPO2,26,26

YGR140W,CBF2,101,101

YGR141W,VPS62,36,36

YGR142W,BTN2,13,13

YGR143W,SKN1,3,3

YGR146C,,18,18

YGR147C,NAT2,114,114

YGR148C,RPL24B,54,54

YGR149W,,38,38

YGR150C,,23,23

YGR152C,RSR1,11,11

YGR156W,PTI1,77,77

YGR157W,CHO2,43,43

YGR158C,MTR3,38,38

YGR159C,NSR1,-258,300

YGR161C,RTS3,57,57

YGR162W,TIF4631,42,42

YGR163W,GTR2,37,37

YGR165W,MRPS35,48,48

YGR167W,CLC1,23,23

YGR168C,,58,58

YGR169C,PUS6,86,86

YGR171C,MSM1,69,69

YGR173W,RBG2,150,150

YGR174C,CBP4,759,759

YGR175C,ERG1,40,40

YGR177C,ATF2,118,118

YGR178C,PBP1,-780,300

YGR179C,OKP1,30,30

YGR180C,RNR4,372,372

YGR183C,QCR9,2048,2048

YGR185C,TYS1,121,121

YGR186W,TFG1,290,290

YGR187C,HGH1,47,47

YGR188C,BUB1,22,22

YGR189C,CRH1,31,31

YGR191W,HIP1,23,23

YGR193C,PDX1,46,46

YGR194C,XKS1,50,50

YGR195W,SKI6,-308,300

YGR196C,FYV8,26,26

YGR197C,SNG1,29,29

YGR198W,,16,16

YGR200C,ELP2,73,73

YGR201C,,120,120

YGR202C,PCT1,26,26

YGR203W,,70,70

YGR204W,ADE3,86,86

YGR205W,,472,472

YGR206W,,16,16

YGR207C,,-441,300

YGR208W,SER2,59,59

YGR210C,,209,209

YGR211W,ZPR1,13,13

YGR214W,RPS0A,-324,300

YGR216C,GPI1,102,102

YGR218W,CRM1,51,51

YGR220C,MRPL9,65,65

YGR221C,TOS2,140,140

YGR222W,PET54,89,89

YGR229C,SMI1,39,39

YGR231C,PHB2,39,39

YGR232W,NAS6,-112,300

YGR233C,PHO81,41,41

YGR234W,YHB1,83,83

YGR235C,,85,85

YGR237C,,41,41

YGR238C,KEL2,39,39

YGR241C,YAP1802,365,365

YGR243W,FMP43,44,44

YGR245C,SDA1,55,55

YGR246C,BRF1,26,26

YGR247W,CPD1,21,21

YGR248W,SOL4,-72,300

YGR250C,,24,24

YGR251W,,61,61

YGR252W,GCN5,44,44

YGR253C,PUP2,-198,300

YGR255C,COQ6,184,184

YGR257C,MTM1,32,32

YGR260W,TNA1,31,31

YGR261C,APL6,54,54

YGR262C,BUD32,-142,300

YGR263C,,26,26

YGR264C,MES1,65,65

YGR266W,,30,30

YGR268C,HUA1,42,42

YGR269W,,39,39

YGR270W,YTA7,893,893

YGR271C-A,,-593,300

YGR271W,SLH1,48,48

YGR275W,RTT102,-1111,300

YGR277C,,-587,300

YGR278W,CWC22,63,63

YGR279C,SCW4,23,23

YGR280C,PXR1,110,110

YGR281W,YOR1,65,65

YGR282C,BGL2,27,27

YGR283C,,40,40

YGR284C,ERV29,46,46

YGR285C,ZUO1,107,107

YGR286C,BIO2,31,31

YGR287C,,4816,4816

YGR291C,,3,3

YGR292W,MAL12,35,35

YHL001W,RPL14B,163,163

YHL002W,HSE1,23,23

YHL003C,LAG1,48,48

YHL004W,MRP4,116,116

YHL007C,STE20,-147,300

YHL008C,,134,134

YHL009C,YAP3,26,26

YHL013C,,50,50

YHL014C,YLF2,-305,300

YHL017W,,648,648

YHL018W,,18,18

YHL019C,APM2,2,2

YHL020C,OPI1,76,76

YHL024W,RIM4,158,158

YHL025W,SNF6,29,29

YHL027W,RIM101,2,2

YHL029C,,26,26

YHL030W,ECM29,19,19

YHL032C,GUT1,78,78

YHL036W,MUP3,55,55

YHL038C,CBP2,51,51

YHL039W,,160,160

YHL041W,,-255,300

YHL048W,COS8,19,19

YHR001W,OSH7,41,41

YHR001W-A,QCR10,2,2

YHR003C,,122,122

YHR004C,NEM1,97,97

YHR005C,GPA1,71,71

YHR006W,STP2,17,17

YHR008C,SOD2,-392,300

YHR009C,,82,82

YHR010W,RPL27A,45,45

YHR011W,DIA4,61,61

YHR012W,VPS29,87,87

YHR013C,ARD1,244,244

YHR015W,MIP6,2,2

YHR016C,YSC84,8,8

YHR023W,MYO1,42,42

YHR024C,MAS2,53,53

YHR025W,THR1,73,73

YHR027C,RPN1,49,49

YHR029C,,138,138

YHR030C,SLT2,62,62

YHR031C,RRM3,8,8

YHR034C,PIH1,62,62

YHR035W,,38,38

YHR037W,PUT2,132,132

YHR038W,RRF1,38,38

YHR039C,MSC7,38,38

YHR039C-A,VMA10,-1639,300

YHR040W,BCD1,2,2

YHR042W,NCP1,61,61

YHR043C,DOG2,277,277

YHR044C,DOG1,18,18

YHR046C,INM1,57,57

YHR047C,AAP1',28,28

YHR049W,FSH1,49,49

YHR050W,SMF2,29,29

YHR051W,COX6,48,48

YHR052W,CIC1,199,199

YHR053C,CUP1-1,250,250

YHR055C,CUP1-2,189,189

YHR057C,CPR2,7,7

YHR058C,MED6,26,26

YHR059W,FYV4,11,11

YHR060W,VMA22,52,52

YHR061C,GIC1,2,2

YHR062C,RPP1,46,46

YHR063C,PAN5,205,205

YHR066W,SSF1,30,30

YHR067W,HTD2,-187,300

YHR068W,DYS1,218,218

YHR069C,RRP4,74,74

YHR070W,TRM5,76,76

YHR072W,ERG7,18,18

YHR073W,OSH3,39,39

YHR074W,QNS1,94,94

YHR077C,NMD2,2,2

YHR079C,IRE1,32,32

YHR082C,KSP1,35,35

YHR084W,STE12,34,34

YHR085W,IPI1,-320,300

YHR086W,NAM8,62,62

YHR087W,,45,45

YHR088W,RPF1,57,57

YHR089C,GAR1,30,30

YHR090C,YNG2,32,32

YHR094C,HXT1,-221,300

YHR097C,,21,21

YHR098C,SFB3,15,15

YHR101C,BIG1,73,73

YHR103W,SBE22,7,7

YHR104W,GRE3,152,152

YHR106W,TRR2,38,38

YHR107C,CDC12,121,121

YHR108W,GGA2,58,58

YHR109W,CTM1,19,19

YHR110W,ERP5,48,48

YHR111W,UBA4,57,57

YHR112C,,-73,300

YHR114W,BZZ1,1187,1187

YHR115C,DMA1,24,24

YHR116W,COX23,3,3

YHR117W,TOM71,98,98

YHR119W,SET1,1814,1814

YHR120W,MSH1,78,78

YHR121W,LSM12,38,38

YHR122W,,357,357

YHR127W,,-914,300

YHR129C,ARP1,-290,300

YHR131C,,39,39

YHR132C,ECM14,11,11

YHR132W-A,,734,734

YHR135C,YCK1,14,14

YHR136C,SPL2,39,39

YHR137W,ARO9,56,56

YHR138C,,87,87

YHR141C,RPL42B,2222,2222

YHR143W,DSE2,1323,1323

YHR143W-A,RPC10,-679,300

YHR144C,DCD1,41,41

YHR147C,MRPL6,73,73

YHR149C,SKG6,9,9

YHR152W,SPO12,14,14

YHR154W,RTT107,41,41

YHR155W,,35,35

YHR156C,LIN1,7,7

YHR158C,KEL1,-747,300

YHR159W,,29,29

YHR161C,YAP1801,33,33

YHR162W,,42,42

YHR163W,SOL3,396,396

YHR166C,CDC23,16,16

YHR167W,THP2,30,30

YHR168W,MTG2,73,73

YHR169W,DBP8,-186,300

YHR170W,NMD3,80,80

YHR172W,SPC97,81,81

YHR173C,,4,4

YHR174W,ENO2,27,27

YHR175W,CTR2,-261,300

YHR178W,STB5,37,37

YHR179W,OYE2,107,107

YHR181W,SVP26,30,30

YHR182W,,93,93

YHR186C,KOG1,112,112

YHR187W,IKI1,66,66

YHR188C,GPI16,42,42

YHR189W,PTH1,82,82

YHR192W,,1175,1175

YHR193C,EGD2,263,263

YHR194W,MDM31,10,10

YHR195W,NVJ1,5,5

YHR196W,UTP9,36,36

YHR197W,RIX1,80,80

YHR198C,FMP22,625,625

YHR199C,FMP34,88,88

YHR200W,RPN10,46,46

YHR201C,PPX1,139,139

YHR204W,MNL1,27,27

YHR205W,SCH9,32,32

YHR206W,SKN7,23,23

YHR207C,SET5,793,793

YHR208W,BAT1,897,897

YHR209W,,40,40

YHR215W,PHO12,6,6

YHR216W,IMD2,54,54

YIL001W,,24,24

YIL002C,INP51,23,23

YIL005W,EPS1,21,21

YIL007C,NAS2,674,674

YIL008W,URM1,86,86

YIL009W,FAA3,58,58

YIL010W,DOT5,48,48

YIL014W,MNT3,10,10

YIL015W,BAR1,7,7

YIL016W,SNL1,4664,4664

YIL017C,VID28,7,7

YIL020C,HIS6,-344,300

YIL021W,RPB3,29,29

YIL026C,IRR1,42,42

YIL027C,KRE27,35,35

YIL030C,SSM4,6,6

YIL031W,ULP2,14,14

YIL033C,BCY1,65,65

YIL034C,CAP2,68,68

YIL035C,CKA1,62,62

YIL038C,NOT3,64,64

YIL039W,,70,70

YIL040W,APQ12,339,339

YIL041W,GVP36,87,87

YIL042C,,121,121

YIL044C,AGE2,51,51

YIL045W,PIG2,2,2

YIL046W,MET30,3,3

YIL047C,SYG1,22,22

YIL048W,NEO1,-87,300

YIL050W,PCL7,19,19

YIL051C,MMF1,809,809

YIL052C,RPL34B,69,69

YIL053W,RHR2,113,113

YIL054W,,6,6

YIL055C,,16,16

YIL056W,,26,26

YIL057C,,16,16

YIL061C,SNP1,49,49

YIL062C,ARC15,32,32

YIL063C,YRB2,22,22

YIL064W,,90,90

YIL066C,RNR3,64,64

YIL068C,SEC6,28,28

YIL069C,RPS24B,-392,300

YIL070C,MAM33,-1024,300

YIL071C,PCI8,33,33

YIL074C,SER33,350,350

YIL075C,RPN2,400,400

YIL076W,SEC28,20,20

YIL077C,,62,62

YIL079C,AIR1,29,29

YIL083C,,75,75

YIL084C,SDS3,27,27

YIL085C,KTR7,55,55

YIL089W,,3,3

YIL090W,,34,34

YIL092W,,3,3

YIL093C,RSM25,-116,300

YIL094C,LYS12,18,18

YIL095W,PRK1,31,31

YIL096C,,25,25

YIL097W,FYV10,59,59

YIL098C,FMC1,84,84

YIL101C,XBP1,19,19

YIL103W,KIF48,38,38

YIL104C,SHQ1,37,37

YIL105C,SLM1,21,21

YIL106W,MOB1,87,87

YIL107C,PFK26,25,25

YIL108W,,19,19

YIL112W,HOS4,15,15

YIL115C,NUP159,82,82

YIL118W,RHO3,171,171

YIL119C,RPI1,26,26

YIL121W,QDR2,52,52

YIL122W,POG1,26,26

YIL123W,SIM1,23,23

YIL124W,AYR1,76,76

YIL125W,KGD1,85,85

YIL126W,STH1,-166,300

YIL127C,,60,60

YIL128W,MET18,24,24

YIL129C,TAO3,299,299

YIL130W,,3,3

YIL131C,FKH1,31,31

YIL133C,RPL16A,1308,1308

YIL135C,VHS2,20,20

YIL136W,OM45,115,115

YIL137C,,36,36

YIL138C,TPM2,24,24

YIL140W,AXL2,114,114

YIL143C,SSL2,2,2

YIL144W,TID3,39,39

YIL145C,PAN6,-104,300

YIL147C,SLN1,34,34

YIL148W,RPL40A,187,187

YIL149C,MLP2,20,20

YIL151C,,13,13

YIL153W,RRD1,131,131

YIL154C,IMP2',-91,300

YIL155C,GUT2,51,51

YIL156W,UBP7,48,48

YIL157C,FMP35,120,120

YIL159W,BNR1,20,20

YIL160C,POT1,30,30

YIL161W,,62,62

YIL172C,,35,35

YIR001C,SGN1,609,609

YIR003W,,32,32

YIR004W,DJP1,167,167

YIR006C,PAN1,3,3

YIR007W,,270,270

YIR008C,PRI1,60,60

YIR009W,MSL1,3,3

YIR010W,DSN1,22,22

YIR011C,STS1,3,3

YIR015W,RPR2,17,17

YIR021W,MRS1,48,48

YIR022W,SEC11,22,22

YIR024C,,413,413

YIR026C,YVH1,40,40

YIR033W,MGA2,31,31

YIR034C,LYS1,-214,300

YIR035C,,-101,300

YIR036C,,54,54

YIR037W,HYR1,44,44

YIR038C,GTT1,66,66

YJL001W,PRE3,36,36

YJL002C,OST1,85,85

YJL003W,COX16,2,2

YJL004C,SYS1,57,57

YJL005W,CYR1,75,75

YJL006C,CTK2,28,28

YJL011C,RPC17,319,319

YJL013C,MAD3,30,30

YJL016W,,31,31

YJL023C,PET130,67,67

YJL024C,APS3,2108,2108

YJL025W,RRN7,15,15

YJL030W,MAD2,24,24

YJL033W,HCA4,38,38

YJL034W,KAR2,124,124

YJL035C,TAD2,14,14

YJL036W,SNX4,201,201

YJL039C,NUP192,194,194

YJL041W,NSP1,13,13

YJL042W,MHP1,125,125

YJL044C,GYP6,43,43

YJL047C,RTT101,7,7

YJL048C,UBX6,38,38

YJL049W,,66,66

YJL050W,MTR4,47,47

YJL052W,TDH1,85,85

YJL055W,,32,32

YJL056C,ZAP1,163,163

YJL057C,,21,21

YJL058C,BIT61,28,28

YJL060W,BNA3,32,32

YJL061W,NUP82,81,81

YJL062W,LAS21,29,29

YJL062W-A,,120,120

YJL063C,MRPL8,105,105

YJL065C,DLS1,29,29

YJL068C,,243,243

YJL069C,UTP18,60,60

YJL070C,,63,63

YJL071W,ARG2,8,8

YJL072C,PSF2,-115,300

YJL073W,JEM1,21,21

YJL074C,SMC3,217,217

YJL076W,NET1,43,43

YJL080C,SCP160,183,183

YJL081C,ARP4,86,86

YJL082W,IML2,103,103

YJL083W,TAX4,23,23

YJL084C,,3,3

YJL085W,EXO70,12,12

YJL087C,TRL1,21,21

YJL088W,ARG3,49,49

YJL089W,SIP4,20,20

YJL090C,DPB11,19,19

YJL092W,HPR5,42,42

YJL094C,KHA1,19,19

YJL096W,MRPL49,-67,300

YJL097W,,-147,300

YJL098W,SAP185,60,60

YJL099W,CHS6,18,18

YJL100W,LSB6,-1051,300

YJL101C,GSH1,2,2

YJL102W,MEF2,40,40

YJL104W,PAM16,2275,2275

YJL107C,,100,100

YJL109C,UTP10,12,12

YJL110C,GZF3,23,23

YJL112W,MDV1,25,25

YJL115W,ASF1,123,123

YJL118W,,30,30

YJL121C,RPE1,1797,1797

YJL122W,,56,56

YJL123C,,57,57

YJL124C,LSM1,76,76

YJL125C,GCD14,905,905

YJL127C,SPT10,22,22

YJL128C,PBS2,36,36

YJL130C,URA2,22,22

YJL131C,,50,50

YJL133W,MRS3,37,37

YJL134W,LCB3,12,12

YJL136C,RPS21B,136,136

YJL137C,GLG2,6,6

YJL139C,YUR1,15,15

YJL143W,TIM17,91,91

YJL144W,,15,15

YJL145W,SFH5,331,331

YJL147C,,52,52

YJL148W,RPA34,-525,300

YJL149W,,3,3

YJL151C,SNA3,73,73

YJL153C,INO1,38,38

YJL154C,VPS35,320,320

YJL155C,FBP26,41,41

YJL157C,FAR1,10,10

YJL158C,CIS3,11,11

YJL159W,HSP150,8,8

YJL161W,FMP33,93,93

YJL162C,JJJ2,20,20

YJL164C,TPK1,-171,300

YJL165C,HAL5,-196,300

YJL166W,QCR8,7,7

YJL167W,ERG20,13,13

YJL168C,SET2,2,2

YJL171C,,22,22

YJL172W,CPS1,9,9

YJL173C,RFA3,3196,3196

YJL176C,SWI3,72,72

YJL177W,RPL17B,21,21

YJL178C,ATG27,44,44

YJL180C,ATP12,178,178

YJL183W,MNN11,8,8

YJL184W,GON7,-84,300

YJL186W,MNN5,13,13

YJL187C,SWE1,88,88

YJL190C,RPS22A,78,78

YJL191W,RPS14B,-327,300

YJL192C,SOP4,348,348

YJL196C,ELO1,17,17

YJL197W,UBP12,-4068,300

YJL198W,PHO90,-244,300

YJL200C,,34,34

YJL201W,ECM25,78,78

YJL203W,PRP21,-172,300

YJL207C,,25,25

YJL208C,NUC1,40,40

YJL209W,CBP1,43,43

YJL212C,OPT1,2,2

YJL213W,,26,26

YJL214W,HXT8,-75,300

YJL217W,,99,99

YJL222W,VTH2,-218,300

YJR001W,AVT1,25,25

YJR003C,,59,59

YJR005W,APL1,34,34

YJR006W,HYS2,43,43

YJR007W,SUI2,42,42

YJR008W,,19,19

YJR010C-A,SPC1,135,135

YJR010W,MET3,44,44

YJR011C,,68,68

YJR012C,,419,419

YJR013W,PMH1,38,38

YJR015W,,13,13

YJR016C,ILV3,45,45

YJR017C,ESS1,-299,300

YJR022W,LSM8,-685,300

YJR024C,,14,14

YJR025C,BNA1,185,185

YJR031C,GEA1,-137,300

YJR032W,CPR7,41,41

YJR033C,RAV1,-3757,300

YJR035W,RAD26,-68,300

YJR041C,URB2,32,32

YJR042W,NUP85,173,173

YJR043C,POL32,76,76

YJR044C,VPS55,-175,300

YJR046W,TAH11,15,15

YJR047C,ANB1,12,12

YJR048W,CYC1,61,61

YJR049C,UTR1,16,16

YJR050W,ISY1,17,17

YJR051W,OSM1,18,18

YJR052W,RAD7,37,37

YJR053W,BFA1,38,38

YJR055W,HIT1,82,82

YJR056C,,2,2

YJR057W,CDC8,-18395,300

YJR058C,APS2,145,145

YJR059W,PTK2,50,50

YJR060W,CBF1,38,38

YJR062C,NTA1,55,55

YJR063W,RPA12,90,90

YJR066W,TOR1,5,5

YJR067C,YAE1,-385,300

YJR068W,RFC2,31,31

YJR069C,HAM1,51,51

YJR070C,LIA1,63,63

YJR072C,NPA3,141,141

YJR073C,OPI3,203,203

YJR074W,MOG1,29,29

YJR075W,HOC1,8,8

YJR076C,CDC11,62,62

YJR078W,BNA2,20,20

YJR079W,,44,44

YJR080C,FMP26,81,81

YJR082C,EAF6,184,184

YJR083C,ACF4,57,57

YJR084W,CSN12,25,25

YJR088C,,-630,300

YJR091C,JSN1,43,43

YJR093C,FIP1,72,72

YJR094W-A,RPL43B,64,64

YJR096W,,63,63

YJR097W,JJJ3,41,41

YJR098C,,54,54

YJR101W,RSM26,93,93

YJR103W,URA8,32,32

YJR104C,SOD1,-404,300

YJR105W,ADO1,60,60

YJR109C,CPA2,7,7

YJR110W,YMR1,19,19

YJR111C,,69,69

YJR112W,NNF1,170,170

YJR113C,RSM7,38,38

YJR117W,STE24,24,24

YJR119C,,36,36

YJR121W,ATP2,6627,6627

YJR122W,CAF17,46,46

YJR126C,VPS70,14,14

YJR127C,ZMS1,61,61

YJR129C,,13,13

YJR130C,STR2,45,45

YJR131W,MNS1,84,84

YJR132W,NMD5,61,61

YJR133W,XPT1,68,68

YJR134C,SGM1,1950,1950

YJR135C,MCM22,-150,300

YJR136C,,151,151

YJR137C,ECM17,125,125

YJR139C,HOM6,56,56

YJR140C,HIR3,21,21

YJR142W,,35,35

YJR143C,PMT4,19,19

YJR145C,RPS4A,53,53

YJR147W,HMS2,42,42

YJR149W,,93,93

YJR154W,,30,30

YJR156C,THI11,3,3

YJR161C,COS5,23,23

YKL001C,MET14,5488,5488

YKL004W,AUR1,94,94

YKL005C,BYE1,22,22

YKL006C-A,SFT1,16,16

YKL006W,RPL14A,-266,300

YKL007W,CAP1,-202,300

YKL008C,LAC1,77,77

YKL009W,MRT4,73,73

YKL010C,UFD4,11,11

YKL011C,CCE1,65,65

YKL013C,ARC19,-224,300

YKL014C,URB1,45,45

YKL016C,ATP7,16,16

YKL017C,HCS1,35,35

YKL018W,SWD2,26,26

YKL019W,RAM2,26,26

YKL020C,SPT23,34,34

YKL021C,MAK11,171,171

YKL022C,CDC16,66,66

YKL023W,,44,44

YKL024C,URA6,329,329

YKL025C,PAN3,36,36

YKL026C,GPX1,50,50

YKL027W,,59,59

YKL028W,TFA1,28,28

YKL029C,MAE1,29,29

YKL032C,IXR1,10,10

YKL035W,UGP1,57,57

YKL038W,RGT1,14,14

YKL040C,NFU1,117,117

YKL041W,VPS24,-77,300

YKL043W,PHD1,14,14

YKL046C,DCW1,40,40

YKL047W,,177,177

YKL048C,ELM1,42,42

YKL051W,SFK1,57,57

YKL052C,ASK1,3,3

YKL053C-A,MDM35,40,40

YKL055C,OAR1,49,49

YKL056C,,166,166

YKL058W,TOA2,170,170

YKL059C,MPE1,33,33

YKL060C,FBA1,104,104

YKL061W,,54,54

YKL063C,,12,12

YKL064W,MNR2,78,78

YKL065C,YET1,1256,1256

YKL067W,YNK1,-1033,300

YKL068W,NUP100,20,20

YKL069W,,25,25

YKL072W,STB6,25,25

YKL074C,MUD2,74,74

YKL075C,,46,46

YKL078W,DHR2,46,46

YKL079W,SMY1,21,21

YKL080W,VMA5,53,53

YKL081W,TEF4,105,105

YKL085W,MDH1,167,167

YKL086W,SRX1,16,16

YKL088W,,59,59

YKL089W,MIF2,75,75

YKL091C,,170,170

YKL092C,BUD2,38,38

YKL094W,YJU3,88,88

YKL095W,YJU2,76,76

YKL096W,CWP1,25,25

YKL103C,LAP4,119,119

YKL104C,GFA1,31,31

YKL105C,,32,32

YKL106W,AAT1,42,42

YKL112W,ABF1,2,2

YKL113C,RAD27,-135,300

YKL114C,APN1,60,60

YKL116C,PRR1,58,58

YKL117W,SBA1,280,280

YKL119C,VPH2,30,30

YKL120W,OAC1,43,43

YKL121W,,5,5

YKL122C,SRP21,325,325

YKL124W,SSH4,12,12

YKL125W,RRN3,31,31

YKL126W,YPK1,30,30

YKL127W,PGM1,23,23

YKL130C,SHE2,2258,2258

YKL134C,38261,37,37

YKL135C,APL2,71,71

YKL137W,,5,5

YKL138C,MRPL31,-104,300

YKL139W,CTK1,22,22

YKL140W,TGL1,29,29

YKL141W,SDH3,24,24

YKL142W,MRP8,48,48

YKL144C,RPC25,142,142

YKL145W,RPT1,9,9

YKL148C,SDH1,62,62

YKL149C,DBR1,20,20

YKL150W,MCR1,53,53

YKL151C,,54,54

YKL152C,GPM1,-738,300

YKL154W,SRP102,51,51

YKL155C,RSM22,47,47

YKL157W,APE2,36,36

YKL159C,RCN1,45,45

YKL160W,ELF1,119,119

YKL162C,,16,16

YKL164C,PIR1,2,2

YKL165C,MCD4,657,657

YKL166C,TPK3,24,24

YKL168C,KKQ8,51,51

YKL170W,MRPL38,-122,300

YKL173W,SNU114,52,52

YKL176C,LST4,6,6

YKL179C,COY1,23,23

YKL181W,PRS1,44,44

YKL182W,FAS1,-66,300

YKL183W,LOT5,114,114

YKL185W,ASH1,2,2

YKL189W,HYM1,19,19

YKL191W,DPH2,448,448

YKL192C,ACP1,-3127,300

YKL193C,SDS22,89,89

YKL194C,MST1,134,134

YKL195W,MIA40,22,22

YKL197C,PEX1,57,57

YKL204W,EAP1,25,25

YKL205W,LOS1,25,25

YKL206C,,-647,300

YKL208W,CBT1,44,44

YKL209C,STE6,186,186

YKL210W,UBA1,114,114

YKL211C,TRP3,518,518

YKL212W,SAC1,57,57

YKL213C,DOA1,23,23

YKL214C,YRA2,247,247

YKL216W,URA1,203,203

YKL217W,JEN1,29,29

YKL219W,COS9,871,871

YKR001C,VPS1,79,79

YKR002W,PAP1,23,23

YKR003W,OSH6,81,81

YKR004C,ECM9,53,53

YKR006C,MRPL13,68,68

YKR007W,MEH1,88,88

YKR008W,RSC4,55,55

YKR011C,,71,71

YKR013W,PRY2,32,32

YKR014C,YPT52,773,773

YKR016W,FMP13,176,176

YKR017C,,23,23

YKR018C,,19,19

YKR023W,,31,31

YKR024C,DBP7,48,48

YKR025W,RPC37,43,43

YKR026C,GCN3,-73,300

YKR027W,FMP50,20,20

YKR029C,SET3,3,3

YKR031C,SPO14,19,19

YKR035W-A,DID2,100,100

YKR036C,CAF4,34,34

YKR037C,SPC34,172,172

YKR038C,KAE1,279,279

YKR041W,,37,37

YKR043C,,-131,300

YKR044W,UIP5,68,68

YKR045C,,39,39

YKR046C,PET10,43,43

YKR048C,NAP1,108,108

YKR052C,MRS4,62,62

YKR057W,RPS21A,-167,300

YKR059W,TIF1,-1505,300

YKR060W,UTP30,26,26

YKR062W,TFA2,30,30

YKR064W,,109,109

YKR065C,FMP18,45,45

YKR066C,CCP1,-410,300

YKR067W,GPT2,24,24

YKR068C,BET3,44,44

YKR070W,,71,71

YKR071C,DRE2,59,59

YKR072C,SIS2,38,38

YKR074W,,-182,300

YKR075C,,8,8

YKR076W,ECM4,39,39

YKR077W,,35,35

YKR078W,,-1826,300

YKR079C,TRZ1,48,48

YKR080W,MTD1,197,197

YKR081C,RPF2,166,166

YKR082W,NUP133,15,15

YKR084C,HBS1,43,43

YKR085C,MRPL20,82,82

YKR086W,PRP16,4,4

YKR087C,OMA1,70,70

YKR088C,TVP38,98,98

YKR089C,STC1,17,17

YKR090W,PXL1,98,98

YKR092C,SRP40,206,206

YKR093W,PTR2,23,23

YKR094C,RPL40B,-77,300

YKR096W,,39,39

YKR098C,UBP11,5,5

YKR099W,BAS1,2,2

YLL001W,DNM1,31,31

YLL002W,RTT109,150,150

YLL006W,MMM1,42,42

YLL007C,,41,41

YLL010C,PSR1,758,758

YLL011W,SOF1,29,29

YLL012W,YEH1,32,32

YLL013C,PUF3,326,326

YLL014W,,20,20

YLL018C-A,COX19,5,5

YLL019C,KNS1,34,34

YLL021W,SPA2,-162,300

YLL022C,HIF1,188,188

YLL026W,HSP104,61,61

YLL027W,ISA1,85,85

YLL028W,TPO1,181,181

YLL031C,GPI13,-110,300

YLL032C,,27,27

YLL034C,RIX7,20,20

YLL036C,PRP19,253,253

YLL038C,ENT4,55,55

YLL039C,UBI4,13,13

YLL040C,VPS13,-203,300

YLL043W,FPS1,30,30

YLL045C,RPL8B,80,80

YLL050C,COF1,-226,300

YLL054C,,45,45

YLL058W,,38,38

YLL060C,GTT2,24,24

YLL061W,MMP1,2,2

YLL062C,MHT1,463,463

YLR001C,,36,36

YLR002C,NOC3,44,44

YLR003C,,31,31

YLR005W,SSL1,16,16

YLR006C,SSK1,11,11

YLR011W,LOT6,84,84

YLR015W,BRE2,33,33

YLR016C,,40,40

YLR017W,MEU1,26,26

YLR020C,YEH2,61,61

YLR021W,,29,29

YLR022C,,21,21

YLR025W,SNF7,324,324

YLR026C,SED5,49,49

YLR027C,AAT2,205,205

YLR028C,ADE16,59,59

YLR032W,RAD5,84,84

YLR033W,RSC58,46,46

YLR035C,MLH2,21,21

YLR036C,,58,58

YLR038C,COX12,7,7

YLR039C,RIC1,54,54

YLR042C,,-94,300

YLR044C,PDC1,29,29

YLR045C,STU2,19,19

YLR049C,,11,11

YLR050C,,60,60

YLR052W,IES3,65,65

YLR055C,SPT8,-541,300

YLR056W,ERG3,45,45

YLR059C,REX2,66,66

YLR060W,FRS1,44,44

YLR061W,RPL22A,207,207

YLR063W,,-384,300

YLR064W,,9,9

YLR067C,PET309,46,46

YLR068W,FYV7,34,34

YLR069C,MEF1,-5393,300

YLR071C,RGR1,61,61

YLR072W,,10,10

YLR073C,,8,8

YLR074C,BUD20,49,49

YLR077W,FMP25,43,43

YLR079W,SIC1,33,33

YLR082C,SRL2,67,67

YLR084C,RAX2,55,55

YLR085C,ARP6,21,21

YLR086W,SMC4,36,36

YLR088W,GAA1,52,52

YLR089C,ALT1,78,78

YLR091W,,171,171

YLR093C,NYV1,46,46

YLR094C,GIS3,2,2

YLR095C,IOC2,12,12

YLR097C,HRT3,26,26

YLR098C,CHA4,65,65

YLR100W,ERG27,32,32

YLR103C,CDC45,78,78

YLR104W,,85,85

YLR105C,SEN2,28,28

YLR107W,REX3,80,80

YLR108C,,18,18

YLR109W,AHP1,-106,300

YLR110C,CCW12,26,26

YLR113W,HOG1,273,273

YLR114C,,112,112

YLR115W,CFT2,12,12

YLR116W,MSL5,39,39

YLR117C,CLF1,31,31

YLR118C,,-150,300

YLR119W,SRN2,66,66

YLR120C,YPS1,11,11

YLR121C,YPS3,7,7

YLR126C,,27,27

YLR127C,APC2,30,30

YLR129W,DIP2,41,41

YLR130C,ZRT2,55,55

YLR131C,ACE2,3,3

YLR132C,,29,29

YLR133W,CKI1,64,64

YLR135W,SLX4,31,31

YLR137W,,48,48

YLR138W,NHA1,-299,300

YLR139C,SLS1,-3308,300

YLR141W,RRN5,11,11

YLR143W,,27,27

YLR144C,ACF2,22,22

YLR145W,RMP1,-327,300

YLR146C,SPE4,82,82

YLR148W,PEP3,52,52

YLR149C,,3,3

YLR150W,STM1,184,184

YLR151C,PCD1,31,31

YLR154C,RNH203,18,18

YLR163C,MAS1,1961,1961

YLR166C,SEC10,58,58

YLR168C,,72,72

YLR172C,DPH5,403,403

YLR174W,IDP2,69,69

YLR175W,CBF5,30,30

YLR176C,RFX1,53,53

YLR177W,,13,13

YLR178C,TFS1,55,55

YLR179C,,66,66

YLR181C,VTA1,32,32

YLR182W,SWI6,17,17

YLR183C,TOS4,17,17

YLR185W,RPL37A,316,316

YLR187W,SKG3,14,14

YLR188W,MDL1,22,22

YLR189C,ATG26,220,220

YLR190W,MMR1,26,26

YLR191W,PEX13,44,44

YLR192C,HCR1,36,36

YLR193C,,6,6

YLR194C,,2,2

YLR196W,PWP1,46,46

YLR197W,SIK1,18,18

YLR199C,,95,95

YLR200W,YKE2,112,112

YLR201C,FMP53,-376,300

YLR203C,MSS51,87,87

YLR206W,ENT2,18,18

YLR208W,SEC13,-282,300

YLR209C,PNP1,31,31

YLR211C,,22,22

YLR212C,TUB4,41,41

YLR214W,FRE1,220,220

YLR215C,CDC123,93,93

YLR216C,CPR6,89,89

YLR218C,,437,437

YLR219W,MSC3,92,92

YLR220W,CCC1,2,2

YLR221C,RSA3,83,83

YLR222C,UTP13,53,53

YLR223C,IFH1,62,62

YLR225C,,167,167

YLR226W,BUR2,115,115

YLR228C,ECM22,2,2

YLR231C,BNA5,64,64

YLR234W,TOP3,27,27

YLR237W,THI7,33,33

YLR238W,FAR10,2,2

YLR239C,LIP2,-83,300

YLR240W,VPS34,22,22

YLR244C,MAP1,669,669

YLR245C,CDD1,-419,300

YLR248W,RCK2,72,72

YLR249W,YEF3,191,191

YLR250W,SSP120,26,26

YLR251W,SYM1,44,44

YLR253W,,53,53

YLR254C,,45,45

YLR257W,,21,21

YLR260W,LCB5,3,3

YLR264W,RPS28B,110,110

YLR265C,NEJ1,28,28

YLR268W,SEC22,17,17

YLR270W,DCS1,38,38

YLR271W,,19,19

YLR272C,YCS4,-2499,300

YLR274W,CDC46,43,43

YLR275W,SMD2,44,44

YLR277C,YSH1,34,34

YLR278C,,25,25

YLR281C,,115,115

YLR285W,NNT1,-229,300

YLR287C,,83,83

YLR289W,GUF1,-82,300

YLR290C,,34,34

YLR291C,GCD7,124,124

YLR295C,ATP14,142,142

YLR298C,YHC1,74,74

YLR299W,ECM38,18,18

YLR300W,EXG1,15,15

YLR301W,,-944,300

YLR304C,ACO1,72,72

YLR305C,STT4,27,27

YLR309C,IMH1,219,219

YLR310C,CDC25,16,16

YLR312W-A,MRPL15,453,453

YLR313C,SPH1,31,31

YLR315W,NKP2,-294,300

YLR316C,TAD3,25,25

YLR319C,BUD6,35,35

YLR321C,SFH1,5,5

YLR323C,CWC24,45,45

YLR324W,PEX30,54,54

YLR326W,,115,115

YLR328W,NMA1,60,60

YLR330W,CHS5,228,228

YLR332W,MID2,53,53

YLR333C,RPS25B,427,427

YLR335W,NUP2,21,21

YLR336C,SGD1,51,51

YLR344W,RPL26A,358,358

YLR345W,,73,73

YLR347C,KAP95,36,36

YLR348C,DIC1,398,398

YLR350W,ORM2,76,76

YLR351C,NIT3,-814,300

YLR352W,,7,7

YLR354C,TAL1,136,136

YLR355C,ILV5,350,350

YLR356W,,15,15

YLR357W,RSC2,23,23

YLR358C,,169,169

YLR360W,VPS38,40,40

YLR361C,DCR2,10,10

YLR362W,STE11,79,79

YLR363C,NMD4,93,93

YLR363W-A,,302,302

YLR364W,,16,16

YLR367W,RPS22B,181,181

YLR369W,SSQ1,61,61

YLR370C,ARC18,51,51

YLR372W,SUR4,91,91

YLR373C,VID22,22,22

YLR375W,STP3,20,20

YLR376C,PSY3,39,39

YLR377C,FBP1,81,81

YLR378C,SEC61,174,174

YLR380W,CSR1,66,66

YLR381W,CTF3,26,26

YLR382C,NAM2,46,46

YLR383W,RHC18,57,57

YLR384C,IKI3,165,165

YLR385C,SWC7,-312,300

YLR386W,VAC14,60,60

YLR387C,REH1,43,43

YLR388W,RPS29A,-90,300

YLR390W,ECM19,190,190

YLR392C,,-218,300

YLR393W,ATP10,126,126

YLR396C,VPS33,34,34

YLR398C,SKI2,40,40

YLR399C,BDF1,59,59

YLR401C,DUS3,19,19

YLR403W,SFP1,15,15

YLR404W,,-271,300

YLR405W,DUS4,116,116

YLR406C,RPL31B,265,265

YLR407W,,46,46

YLR408C,,61,61

YLR412W,,-224,300

YLR413W,,72,72

YLR414C,,-1810,300

YLR417W,VPS36,166,166

YLR418C,CDC73,130,130

YLR419W,,26,26

YLR420W,URA4,94,94

YLR421C,RPN13,-102,300

YLR423C,ATG17,43,43

YLR424W,SPP382,28,28

YLR426W,,51,51

YLR427W,MAG2,24,24

YLR429W,CRN1,23,23

YLR431C,ATG23,24,24

YLR432W,IMD3,650,650

YLR433C,CNA1,32,32

YLR435W,TSR2,27,27

YLR436C,ECM30,40,40

YLR439W,MRPL4,-384,300

YLR440C,SEC39,35,35

YLR441C,RPS1A,334,334

YLR447C,VMA6,1348,1348

YLR448W,RPL6B,-413,300

YLR449W,FPR4,11,11

YLR450W,HMG2,93,93

YLR451W,LEU3,12,12

YLR452C,SST2,60,60

YLR453C,RIF2,58,58

YLR455W,,104,104

YLR456W,,-293,300

YLR457C,NBP1,31,31

YLR460C,,9,9

YLR462W,,2,2

YML003W,,27,27

YML004C,GLO1,85,85

YML005W,TRM12,63,63

YML006C,GIS4,50,50

YML007C-A,,2981,2981

YML007W,YAP1,23,23

YML008C,ERG6,135,135

YML009C,MRPL39,664,664

YML010W,SPT5,3,3

YML011C,,4,4

YML012W,ERV25,215,215

YML013W,SEL1,51,51

YML014W,TRM9,47,47

YML016C,PPZ1,50,50

YML017W,PSP2,20,20

YML018C,,80,80

YML019W,OST6,24,24

YML020W,,19,19

YML021C,UNG1,36,36

YML022W,APT1,-112,300

YML023C,,36,36

YML024W,RPS17A,-1238,300

YML025C,YML6,50,50

YML026C,RPS18B,321,321

YML027W,YOX1,3,3

YML028W,TSA1,-129,300

YML029W,USA1,18,18

YML030W,,63,63

YML031W,NDC1,98,98

YML032C,RAD52,27,27

YML034W,SRC1,31,31

YML035C,AMD1,33,33

YML037C,,2,2

YML041C,VPS71,75,75

YML042W,CAT2,47,47

YML043C,RRN11,23,23

YML046W,PRP39,62,62

YML048W,GSF2,108,108

YML051W,GAL80,2856,2856

YML052W,SUR7,207,207

YML053C,,12,12

YML054C,CYB2,54,54

YML055W,SPC2,76,76

YML056C,IMD4,65,65

YML057W,CMP2,47,47

YML058W-A,HUG1,3,3

YML060W,OGG1,36,36

YML061C,PIF1,166,166

YML062C,MFT1,43,43

YML064C,TEM1,26,26

YML065W,ORC1,85,85

YML067C,ERV41,166,166

YML070W,DAK1,42,42

YML071C,COG8,31,31

YML072C,TCB3,32,32

YML076C,WAR1,3,3

YML078W,CPR3,58,58

YML079W,,76,76

YML080W,DUS1,37,37

YML081C-A,ATP18,63,63

YML081W,,3,3

YML082W,,58,58

YML085C,TUB1,41,41

YML086C,ALO1,39,39

YML091C,RPM2,2,2

YML092C,PRE8,7987,7987

YML093W,UTP14,9,9

YML094W,GIM5,51,51

YML095C,RAD10,42,42

YML096W,,34,34

YML097C,VPS9,85,85

YML098W,TAF13,32,32

YML100W,TSL1,39,39

YML101C,CUE4,-90,300

YML102W,CAC2,45,45

YML103C,NUP188,46,46

YML104C,MDM1,3,3

YML105C,SEC65,66,66

YML107C,,182,182

YML108W,,59,59

YML109W,ZDS2,47,47

YML110C,COQ5,73,73

YML111W,BUL2,2,2

YML112W,CTK3,94,94

YML113W,DAT1,42,42

YML114C,TAF8,24,24

YML115C,VAN1,2,2

YML116W,ATR1,19,19

YML117W,NAB6,139,139

YML118W,NGL3,68,68

YML120C,NDI1,43,43

YML123C,PHO84,25,25

YML124C,TUB3,448,448

YML125C,,-146,300

YML126C,ERG13,46,46

YML128C,MSC1,34,34

YML131W,,-212,300

YML132W,COS3,33,33

YMR001C,CDC5,10,10

YMR002W,,-3826,300

YMR003W,,21,21

YMR004W,MVP1,18,18

YMR005W,TAF4,23,23

YMR006C,PLB2,2,2

YMR010W,,-635,300

YMR011W,HXT2,-961,300

YMR012W,CLU1,44,44

YMR014W,BUD22,98,98

YMR016C,SOK2,3,3

YMR019W,STB4,3,3

YMR020W,FMS1,54,54

YMR021C,MAC1,93,93

YMR022W,QRI8,31,31

YMR023C,MSS1,32,32

YMR024W,MRPL3,94,94

YMR026C,PEX12,33,33

YMR027W,,26,26

YMR029C,FAR8,29,29

YMR031C,,9,9

YMR032W,HOF1,32,32

YMR036C,MIH1,12,12

YMR037C,MSN2,2,2

YMR038C,CCS1,-159,300

YMR039C,SUB1,46,46

YMR043W,MCM1,-991,300

YMR044W,IOC4,16,16

YMR048W,CSM3,2,2

YMR049C,ERB1,17,17

YMR052W,FAR3,7,7

YMR054W,STV1,33,33

YMR058W,FET3,46,46

YMR060C,TOM37,21,21

YMR061W,RNA14,7,7

YMR064W,AEP1,84,84

YMR066W,SOV1,38,38

YMR067C,UBX4,22,22

YMR068W,AVO2,58,58

YMR069W,NAT4,30,30

YMR070W,MOT3,5,5

YMR071C,TVP18,44,44

YMR072W,ABF2,91,91

YMR073C,,114,114

YMR074C,,-116,300

YMR075W,RCO1,37,37

YMR076C,PDS5,35,35

YMR077C,VPS20,124,124

YMR078C,CTF18,35,35

YMR079W,SEC14,149,149

YMR080C,NAM7,18,18

YMR083W,ADH3,-431,300

YMR086W,,40,40

YMR089C,YTA12,29,29

YMR090W,,109,109

YMR091C,NPL6,116,116

YMR093W,UTP15,122,122

YMR097C,MTG1,69,69

YMR098C,,-124,300

YMR100W,MUB1,74,74

YMR102C,,23,23

YMR104C,YPK2,71,71

YMR105C,PGM2,43,43

YMR106C,YKU80,16,16

YMR107W,SPG4,27,27

YMR108W,ILV2,40,40

YMR109W,MYO5,168,168

YMR110C,,321,321

YMR111C,,10,10

YMR112C,MED11,116,116

YMR113W,FOL3,54,54

YMR114C,,49,49

YMR115W,FMP24,156,156

YMR116C,ASC1,157,157

YMR117C,SPC24,74,74

YMR120C,ADE17,39,39

YMR121C,RPL15B,142,142

YMR123W,PKR1,57,57

YMR124W,,430,430

YMR125W,STO1,65,65

YMR127C,SAS2,6,6

YMR128W,ECM16,393,393

YMR129W,POM152,46,46

YMR132C,JLP2,38,38

YMR134W,,141,141

YMR135C,GID8,156,156

YMR137C,PSO2,16,16

YMR138W,CIN4,64,64

YMR139W,RIM11,21,21

YMR140W,SIP5,19,19

YMR142C,RPL13B,67,67

YMR143W,RPS16A,131,131

YMR146C,TIF34,1250,1250

YMR148W,,-121,300

YMR149W,SWP1,329,329

YMR152W,YIM1,27,27

YMR154C,RIM13,2,2

YMR157C,FMP39,26,26

YMR159C,ATG16,56,56

YMR161W,HLJ1,56,56

YMR162C,DNF3,47,47

YMR163C,,10,10

YMR164C,MSS11,19,19

YMR165C,SMP2,72,72

YMR166C,,32,32

YMR167W,MLH1,10,10

YMR168C,CEP3,22,22

YMR169C,ALD3,34,34

YMR170C,ALD2,-2079,300

YMR172W,HOT1,3,3

YMR173W,DDR48,63,63

YMR174C,PAI3,-178,300

YMR175W,SIP18,34,34

YMR178W,,-102,300

YMR179W,SPT21,45,45

YMR180C,CTL1,114,114

YMR181C,,26,26

YMR182C,RGM1,-28810,300

YMR184W,,22,22

YMR186W,HSC82,109,109

YMR188C,MRPS17,81,81

YMR189W,GCV2,69,69

YMR192W,GYL1,19,19

YMR193W,MRPL24,433,433

YMR194W,RPL36A,214,214

YMR195W,ICY1,42,42

YMR196W,,346,346

YMR198W,CIK1,18,18

YMR199W,CLN1,6,6

YMR200W,ROT1,20,20

YMR201C,RAD14,31,31

YMR202W,ERG2,29,29

YMR204C,,30,30

YMR205C,PFK2,96,96

YMR208W,ERG12,43,43

YMR209C,,52,52

YMR213W,CEF1,28,28

YMR214W,SCJ1,67,67

YMR215W,GAS3,17,17

YMR216C,SKY1,62,62

YMR218C,TRS130,131,131

YMR220W,ERG8,92,92

YMR222C,FSH2,7,7

YMR223W,UBP8,11,11

YMR224C,MRE11,7,7

YMR225C,MRPL44,51,51

YMR226C,,47,47

YMR227C,TAF7,55,55

YMR228W,MTF1,36,36

YMR229C,RRP5,15,15

YMR230W,RPS10B,1448,1448

YMR231W,PEP5,64,64

YMR233W,,106,106

YMR234W,RNH1,25,25

YMR235C,RNA1,34,34

YMR236W,TAF9,93,93

YMR237W,BCH1,46,46

YMR239C,RNT1,103,103

YMR240C,CUS1,54,54

YMR241W,YHM2,21,21

YMR242C,RPL20A,137,137

YMR243C,ZRC1,35,35

YMR244C-A,,33,33

YMR247C,,3,3

YMR250W,GAD1,62,62

YMR251W-A,HOR7,22,22

YMR252C,,-157,300

YMR253C,,17,17

YMR255W,GFD1,66,66

YMR257C,PET111,26,26

YMR258C,,53,53

YMR259C,,89,89

YMR260C,TIF11,32,32

YMR261C,TPS3,22,22

YMR262W,,39,39

YMR263W,SAP30,-263,300

YMR264W,CUE1,25,25

YMR266W,RSN1,42,42

YMR267W,PPA2,357,357

YMR268C,PRP24,52,52

YMR269W,,23,23

YMR270C,RRN9,9,9

YMR271C,URA10,32,32

YMR272C,SCS7,77,77

YMR273C,ZDS1,24,24

YMR275C,BUL1,10,10

YMR276W,DSK2,50,50

YMR277W,FCP1,20,20

YMR278W,,26,26

YMR280C,CAT8,11,11

YMR281W,GPI12,52,52

YMR282C,AEP2,45,45

YMR283C,RIT1,52,52

YMR284W,YKU70,20,20

YMR285C,NGL2,22,22

YMR286W,MRPL33,-131,300

YMR287C,MSU1,35,35

YMR288W,HSH155,27,27

YMR289W,ABZ2,-456,300

YMR290W-A,,209,209

YMR291W,,14,14

YMR292W,GOT1,8,8

YMR293C,,85,85

YMR296C,LCB1,-167,300

YMR297W,PRC1,13,13

YMR299C,DYN3,161,161

YMR301C,ATM1,34,34

YMR302C,PRP12,46,46

YMR303C,ADH2,41,41

YMR304W,UBP15,20,20

YMR305C,SCW10,18,18

YMR308C,PSE1,88,88

YMR309C,NIP1,-1457,300

YMR310C,,18,18

YMR311C,GLC8,53,53

YMR313C,TGL3,21,21

YMR314W,PRE5,-68,300

YMR315W,,53,53

YMR316W,DIA1,20,20

YMR318C,ADH6,57,57

YMR319C,FET4,116,116

YMR322C,SNO4,3,3

YNL001W,DOM34,106,106

YNL002C,RLP7,96,96

YNL003C,PET8,29,29

YNL004W,HRB1,3,3

YNL005C,MRP7,26,26

YNL006W,LST8,37,37

YNL007C,SIS1,274,274

YNL008C,ASI3,44,44

YNL009W,IDP3,13,13

YNL010W,,97,97

YNL011C,,28,28

YNL014W,HEF3,3,3

YNL015W,PBI2,106,106

YNL016W,PUB1,72,72

YNL020C,ARK1,37,37

YNL022C,,49,49

YNL023C,FAP1,89,89

YNL024C,,13,13

YNL025C,SSN8,240,240

YNL027W,CRZ1,10,10

YNL029C,KTR5,16,16

YNL030W,HHF2,167,167

YNL031C,HHT2,223,223

YNL032W,SIW14,516,516

YNL035C,,72,72

YNL036W,NCE103,14,14

YNL037C,IDH1,29,29

YNL039W,BDP1,13,13

YNL040W,,15,15

YNL041C,COG6,101,101

YNL044W,YIP3,44,44

YNL046W,,29,29

YNL047C,SLM2,49,49

YNL048W,ALG11,152,152

YNL051W,COG5,28,28

YNL052W,COX5A,250,250

YNL053W,MSG5,15,15

YNL056W,,-137,300

YNL059C,ARP5,38,38

YNL061W,NOP2,886,886

YNL062C,GCD10,69,69

YNL063W,,92,92

YNL064C,YDJ1,34,34

YNL066W,SUN4,57,57

YNL067W,RPL9B,-1032,300

YNL068C,FKH2,26,26

YNL071W,LAT1,52,52

YNL072W,RNH201,49,49

YNL073W,MSK1,50,50

YNL077W,APJ1,20,20

YNL078W,NIS1,37,37

YNL079C,TPM1,153,153

YNL080C,,9,9

YNL081C,SWS2,15,15

YNL082W,PMS1,2,2

YNL083W,SAL1,26,26

YNL084C,END3,90,90

YNL085W,MKT1,28,28

YNL087W,TCB2,19,19

YNL088W,TOP2,81,81

YNL091W,NST1,32,32

YNL092W,,12,12

YNL093W,YPT53,28,28

YNL094W,APP1,64,64

YNL095C,,83,83

YNL096C,RPS7B,-170,300

YNL097C,PHO23,49,49

YNL098C,RAS2,25,25

YNL099C,OCA1,42,42

YNL100W,,126,126

YNL101W,AVT4,26,26

YNL102W,POL1,-4088,300

YNL103W,MET4,9,9

YNL104C,LEU4,42,42

YNL106C,INP52,-98,300

YNL107W,YAF9,92,92

YNL108C,,-409,300

YNL110C,NOP15,155,155

YNL111C,CYB5,73,73

YNL113W,RPC19,-302,300

YNL116W,DMA2,23,23

YNL118C,DCP2,36,36

YNL119W,NCS2,51,51

YNL121C,TOM70,29,29

YNL122C,,-2373,300

YNL123W,,72,72

YNL124W,NAF1,82,82

YNL126W,SPC98,32,32

YNL127W,FAR11,84,84

YNL129W,NRK1,-2531,300

YNL130C,CPT1,39,39

YNL131W,TOM22,-197,300

YNL132W,KRE33,31,31

YNL133C,FYV6,19,19

YNL134C,,104,104

YNL135C,FPR1,196,196

YNL136W,EAF7,11,11

YNL137C,NAM9,-130,300

YNL138W,SRV2,87,87

YNL139C,RLR1,86,86

YNL141W,AAH1,82,82

YNL143C,,37,37

YNL147W,LSM7,-153,300

YNL148C,ALF1,2,2

YNL152W,,26,26

YNL153C,GIM3,-2214,300

YNL154C,YCK2,18,18

YNL155W,,78,78

YNL156C,NSG2,47,47

YNL158W,,49,49

YNL161W,CBK1,31,31

YNL162W,RPL42A,224,224

YNL162W-A,,17,17

YNL163C,RIA1,2,2

YNL167C,SKO1,18,18

YNL168C,FMP41,444,444

YNL169C,PSD1,16,16

YNL172W,APC1,31,31

YNL173C,MDG1,40,40

YNL175C,NOP13,78,78

YNL177C,MRPL22,151,151

YNL180C,RHO5,29,29

YNL181W,,2991,2991

YNL183C,NPR1,7,7

YNL184C,,95,95

YNL185C,MRPL19,169,169

YNL186W,UBP10,54,54

YNL187W,,33,33

YNL189W,SRP1,39,39

YNL190W,,17,17

YNL191W,,53,53

YNL197C,WHI3,22,22

YNL200C,,141,141

YNL201C,PSY2,137,137

YNL206C,RTT106,-184,300

YNL207W,RIO2,61,61

YNL209W,SSB2,712,712

YNL211C,,43,43

YNL212W,VID27,22,22

YNL213C,,62,62

YNL215W,IES2,281,281

YNL216W,RAP1,42,42

YNL217W,,41,41

YNL218W,MGS1,22,22

YNL220W,ADE12,57,57

YNL223W,ATG4,38,38

YNL224C,,31,31

YNL225C,CNM67,29,29

YNL227C,JJJ1,35,35

YNL229C,URE2,39,39

YNL230C,ELA1,13,13

YNL231C,PDR16,69,69

YNL232W,CSL4,53,53

YNL234W,,25,25

YNL236W,SIN4,-293,300

YNL238W,KEX2,93,93

YNL239W,LAP3,20,20

YNL241C,ZWF1,-117,300

YNL242W,ATG2,574,574

YNL243W,SLA2,480,480

YNL245C,CWC25,8,8

YNL246W,VPS75,-65,300

YNL247W,,39,39

YNL248C,RPA49,113,113

YNL249C,MPA43,90,90

YNL250W,RAD50,-924,300

YNL251C,NRD1,53,53

YNL252C,MRPL17,43,43

YNL254C,,14,14

YNL255C,GIS2,135,135

YNL256W,FOL1,13,13

YNL258C,DSL1,29,29

YNL259C,ATX1,39,39

YNL260C,,-116,300

YNL261W,ORC5,34,34

YNL262W,POL2,190,190

YNL264C,PDR17,52,52

YNL265C,IST1,138,138

YNL267W,PIK1,-156,300

YNL268W,LYP1,21,21

YNL271C,BNI1,79,79

YNL272C,SEC2,46,46

YNL273W,TOF1,103,103

YNL274C,,50,50

YNL275W,,6,6

YNL277W,MET2,23,23

YNL278W,CAF120,2,2

YNL279W,PRM1,2,2

YNL280C,ERG24,218,218

YNL281W,HCH1,-443,300

YNL282W,POP3,51,51

YNL284C,MRPL10,109,109

YNL286W,CUS2,3,3

YNL287W,SEC21,37,37

YNL289W,PCL1,3,3

YNL290W,RFC3,54,54

YNL291C,MID1,10,10

YNL292W,PUS4,65,65

YNL293W,MSB3,23,23

YNL295W,,15,15

YNL297C,MON2,22,22

YNL298W,CLA4,105,105

YNL299W,TRF5,35,35

YNL300W,,-146,300

YNL304W,YPT11,24,24

YNL308C,KRI1,31,31

YNL309W,STB1,69,69

YNL310C,ZIM17,101,101

YNL311C,,14,14

YNL312W,RFA2,125,125

YNL313C,,47,47

YNL315C,ATP11,64,64

YNL316C,PHA2,53,53

YNL317W,PFS2,38,38

YNL320W,,23,23

YNL322C,KRE1,14,14

YNL323W,LEM3,17,17

YNL325C,FIG4,18,18

YNL326C,,33,33

YNL329C,PEX6,44,44

YNL330C,RPD3,1168,1168

YNL336W,COS1,58,58

YNR004W,,-71,300

YNR006W,VPS27,7,7

YNR009W,,19,19

YNR010W,CSE2,30,30

YNR011C,PRP2,7,7

YNR012W,URK1,50,50

YNR013C,PHO91,37,37

YNR014W,,109,109

YNR015W,SMM1,99,99

YNR016C,ACC1,233,233

YNR018W,,-70,300

YNR021W,,24,24

YNR024W,,2,2

YNR026C,SEC12,61,61

YNR027W,BUD17,234,234

YNR029C,,40,40

YNR030W,ECM39,59,59

YNR032W,PPG1,39,39

YNR033W,ABZ1,28,28

YNR034W,SOL1,37,37

YNR034W-A,,-78,300

YNR035C,ARC35,43,43

YNR036C,,13,13

YNR038W,DBP6,74,74

YNR039C,ZRG17,39,39

YNR040W,,44,44

YNR043W,MVD1,65,65

YNR045W,PET494,68,68

YNR046W,,36,36

YNR047W,,295,295

YNR048W,,30,30

YNR049C,MSO1,39,39

YNR051C,BRE5,18,18

YNR052C,POP2,48,48

YNR053C,NOG2,381,381

YNR054C,ESF2,94,94

YNR058W,BIO3,56,56

YNR061C,,7,7

YNR074C,,49,49

YNR075W,COS10,548,548

YOL001W,PHO80,208,208

YOL004W,SIN3,17,17

YOL005C,RPB11,-167,300

YOL006C,TOP1,35,35

YOL009C,MDM12,24,24

YOL010W,RCL1,46,46

YOL011W,PLB3,15,15

YOL012C,HTZ1,261,261

YOL013C,HRD1,45,45

YOL016C,CMK2,-70,300

YOL017W,ESC8,30,30

YOL019W,,73,73

YOL020W,TAT2,26,26

YOL021C,DIS3,27,27

YOL022C,,44,44

YOL023W,IFM1,11,11

YOL025W,LAG2,36,36

YOL027C,MDM38,43,43

YOL028C,YAP7,18,18

YOL030W,GAS5,11,11

YOL031C,SIL1,779,779

YOL032W,,-377,300

YOL033W,MSE1,108,108

YOL034W,SMC5,453,453

YOL038W,PRE6,-115,300

YOL039W,RPP2A,159,159

YOL041C,NOP12,35,35

YOL042W,NGL1,47,47

YOL043C,NTG2,-3648,300

YOL044W,PEX15,143,143

YOL045W,PSK2,45,45

YOL047C,,35,35

YOL048C,,112,112

YOL049W,GSH2,75,75

YOL051W,GAL11,3,3

YOL052C,SPE2,111,111

YOL052C-A,DDR2,-475,300

YOL054W,PSH1,54,54

YOL055C,THI20,50,50

YOL056W,GPM3,-8292,300

YOL057W,,56,56

YOL058W,ARG1,135,135

YOL059W,GPD2,116,116

YOL060C,MAM3,8,8

YOL061W,PRS5,124,124

YOL062C,APM4,2,2

YOL064C,MET22,31,31

YOL065C,INP54,14,14

YOL066C,RIB2,42,42

YOL067C,RTG1,32,32

YOL068C,HST1,56,56

YOL069W,NUF2,114,114

YOL070C,,53,53

YOL071W,EMI5,59,59

YOL072W,THP1,66,66

YOL076W,MDM20,139,139

YOL077C,BRX1,170,170

YOL078W,AVO1,11,11

YOL080C,REX4,97,97

YOL081W,IRA2,13,13

YOL082W,ATG19,41,41

YOL087C,,-394,300

YOL088C,MPD2,35,35

YOL090W,MSH2,32,32

YOL092W,,13,13

YOL093W,TRM10,-118,300

YOL094C,RFC4,-79,300

YOL096C,COQ3,3,3

YOL097C,WRS1,153,153

YOL098C,,24,24

YOL100W,PKH2,12,12

YOL101C,IZH4,19,19

YOL102C,TPT1,112,112

YOL103W,ITR2,71,71

YOL104C,NDJ1,13,13

YOL105C,WSC3,41,41

YOL107W,,32,32

YOL108C,INO4,42,42

YOL109W,ZEO1,-674,300

YOL110W,SHR5,20,20

YOL111C,,176,176

YOL112W,MSB4,28,28

YOL113W,SKM1,21,21

YOL115W,TRF4,43,43

YOL116W,MSN1,9,9

YOL117W,RRI2,51,51

YOL121C,RPS19A,-76,300

YOL124C,,50,50

YOL125W,,61,61

YOL126C,MDH2,244,244

YOL129W,VPS68,-2417,300

YOL130W,ALR1,13,13

YOL135C,MED7,37,37

YOL136C,PFK27,52,52

YOL137W,BSC6,129,129

YOL140W,ARG8,81,81

YOL141W,PPM2,23,23

YOL142W,RRP40,242,242

YOL143C,RIB4,61,61

YOL144W,NOP8,268,268

YOL145C,CTR9,24,24

YOL146W,PSF3,19,19

YOL148C,SPT20,25,25

YOL149W,DCP1,23,23

YOL151W,GRE2,90,90

YOL159C-A,,2,2

YOR001W,RRP6,19,19

YOR004W,,-212,300

YOR006C,,58,58

YOR007C,SGT2,1551,1551

YOR008C,SLG1,25,25

YOR014W,RTS1,18,18

YOR016C,ERP4,606,606

YOR017W,PET127,19,19

YOR018W,ROD1,16,16

YOR021C,,129,129

YOR022C,,48,48

YOR023C,AHC1,24,24

YOR025W,HST3,3,3

YOR026W,BUB3,22,22

YOR027W,STI1,89,89

YOR033C,EXO1,2,2

YOR035C,SHE4,38,38

YOR037W,CYC2,147,147

YOR038C,HIR2,29,29

YOR039W,CKB2,-1054,300

YOR040W,GLO4,252,252

YOR042W,CUE5,3,3

YOR043W,WHI2,41,41

YOR044W,,7,7

YOR046C,DBP5,70,70

YOR047C,STD1,8,8

YOR052C,,103,103

YOR056C,NOB1,234,234

YOR057W,SGT1,34,34

YOR058C,ASE1,3,3

YOR060C,,21,21

YOR061W,CKA2,54,54

YOR062C,,32,32

YOR063W,RPL3,120,120

YOR065W,CYT1,161,161

YOR069W,VPS5,18,18

YOR070C,GYP1,21,21

YOR071C,,11,11

YOR073W,SGO1,11,11

YOR076C,SKI7,20,20

YOR077W,RTS2,38,38

YOR078W,BUD21,83,83

YOR081C,STC2,17,17

YOR083W,WHI5,71,71

YOR084W,,63,63

YOR085W,OST3,117,117

YOR086C,TCB1,318,318

YOR090C,PTC5,27,27

YOR091W,,45,45

YOR092W,ECM3,3,3

YOR095C,RKI1,-233,300

YOR098C,NUP1,21,21

YOR099W,KTR1,3,3

YOR101W,RAS1,106,106

YOR104W,PIN2,69,69

YOR106W,VAM3,13,13

YOR108W,LEU9,38,38

YOR109W,INP53,68,68

YOR110W,TFC7,32,32

YOR111W,,42,42

YOR112W,,39,39

YOR113W,AZF1,6,6

YOR118W,,86,86

YOR120W,GCY1,45,45

YOR123C,LEO1,49,49

YOR124C,UBP2,80,80

YOR127W,RGA1,37,37

YOR129C,,24,24

YOR130C,ORT1,23,23

YOR131C,,23,23

YOR132W,VPS17,20,20

YOR133W,EFT1,155,155

YOR136W,IDH2,-364,300

YOR138C,RUP1,30,30

YOR140W,SFL1,23,23

YOR141C,ARP8,199,199

YOR142W,LSC1,1026,1026

YOR143C,THI80,82,82

YOR144C,ELG1,2,2

YOR147W,MDM32,32,32

YOR150W,MRPL23,-123,300

YOR152C,,69,69

YOR153W,PDR5,89,89

YOR154W,,21,21

YOR155C,ISN1,50,50

YOR156C,NFI1,19,19

YOR157C,PUP1,254,254

YOR158W,PET123,54,54

YOR159C,SME1,-80,300

YOR160W,MTR10,68,68

YOR161C,PNS1,43,43

YOR163W,DDP1,-132,300

YOR164C,,272,272

YOR165W,SEY1,135,135

YOR167C,RPS28A,117,117

YOR168W,GLN4,25,25

YOR171C,LCB4,47,47

YOR172W,YRM1,92,92

YOR174W,MED4,-157,300

YOR175C,,-247,300

YOR176W,HEM15,123,123

YOR177C,MPC54,37,37

YOR179C,SYC1,287,287

YOR181W,LAS17,20,20

YOR182C,RPS30B,74,74

YOR188W,MSB1,41,41

YOR189W,IES4,-230,300

YOR193W,PEX27,42,42

YOR195W,SLK19,25,25

YOR196C,LIP5,69,69

YOR197W,MCA1,19,19

YOR198C,BFR1,128,128

YOR199W,,372,372

YOR201C,PET56,25,25

YOR202W,HIS3,14,14

YOR205C,FMP38,53,53

YOR206W,NOC2,224,224

YOR207C,RET1,25,25

YOR208W,PTP2,3,3

YOR209C,NPT1,176,176

YOR212W,STE4,74,74

YOR213C,SAS5,68,68

YOR215C,,100,100

YOR216C,RUD3,8,8

YOR217W,RFC1,44,44

YOR219C,STE13,15,15

YOR220W,,25,25

YOR221C,MCT1,322,322

YOR223W,,22,22

YOR224C,RPB8,-5096,300

YOR226C,ISU2,31,31

YOR227W,,3,3

YOR229W,WTM2,52,52

YOR230W,WTM1,62,62

YOR231W,MKK1,18,18

YOR233W,KIN4,7,7

YOR234C,RPL33B,-208,300

YOR236W,DFR1,36,36

YOR237W,HES1,25,25

YOR238W,,23,23

YOR239W,ABP140,-142,300

YOR241W,MET7,99,99

YOR243C,PUS7,40,40

YOR244W,ESA1,208,208

YOR245C,DGA1,41,41

YOR246C,,17,17

YOR247W,SRL1,56,56

YOR249C,APC5,18,18

YOR250C,CLP1,9,9

YOR251C,,296,296

YOR252W,,62,62

YOR253W,NAT5,44,44

YOR254C,SEC63,-72,300

YOR256C,,2,2

YOR258W,HNT3,50,50

YOR260W,GCD1,1041,1041

YOR261C,RPN8,145,145

YOR262W,,-370,300

YOR264W,DSE3,36,36

YOR265W,RBL2,30,30

YOR266W,PNT1,34,34

YOR267C,HRK1,24,24

YOR269W,PAC1,10,10

YOR270C,VPH1,44,44

YOR271C,,31,31

YOR272W,YTM1,52,52

YOR273C,TPO4,-203,300

YOR274W,MOD5,12,12

YOR275C,RIM20,27,27

YOR276W,CAF20,-320,300

YOR278W,HEM4,89,89

YOR279C,RFM1,21,21

YOR281C,PLP2,203,203

YOR283W,,68,68

YOR284W,HUA2,97,97

YOR285W,,140,140

YOR286W,FMP31,-405,300

YOR288C,MPD1,20,20

YOR289W,,-152,300

YOR293W,RPS10A,-123,300

YOR295W,UAF30,826,826

YOR296W,,14,14

YOR298C-A,MBF1,106,106

YOR299W,BUD7,62,62

YOR303W,CPA1,25,25

YOR304W,ISW2,16,16

YOR305W,,25,25

YOR307C,SLY41,90,90

YOR308C,SNU66,22,22

YOR310C,NOP58,38,38

YOR312C,RPL20B,-317,300

YOR315W,,26,26

YOR316C,COT1,18,18

YOR317W,FAA1,-237,300

YOR319W,HSH49,87,87

YOR320C,GNT1,3,3

YOR321W,PMT3,9,9

YOR323C,PRO2,106,106

YOR324C,FRT1,9,9

YOR326W,MYO2,168,168

YOR327C,SNC2,10,10

YOR329C,SCD5,13,13

YOR330C,MIP1,17,17

YOR332W,VMA4,10,10

YOR335C,ALA1,108,108

YOR336W,KRE5,7,7

YOR337W,TEA1,4,4

YOR340C,RPA43,-453,300

YOR341W,RPA190,27,27

YOR342C,,15,15

YOR347C,PYK2,462,462

YOR349W,CIN1,16,16

YOR350C,MNE1,31,31

YOR352W,,18,18

YOR353C,SOG2,54,54

YOR354C,MSC6,80,80

YOR355W,GDS1,5,5

YOR356W,,24,24

YOR357C,GRD19,29,29

YOR358W,HAP5,-100,300

YOR359W,VTS1,22,22

YOR360C,PDE2,45,45

YOR361C,PRT1,51,51

YOR362C,PRE10,53,53

YOR363C,PIP2,3,3

YOR367W,SCP1,1300,1300

YOR370C,MRS6,58,58

YOR371C,GPB1,28,28

YOR372C,NDD1,6,6

YOR373W,NUD1,32,32

YOR374W,ALD4,41,41

YOR377W,ATF1,103,103

YOR385W,,55,55

YOR386W,PHR1,28,28

YPL002C,SNF8,96,96

YPL004C,LSP1,389,389

YPL005W,AEP3,11,11

YPL006W,NCR1,84,84

YPL007C,TFC8,44,44

YPL008W,CHL1,67,67

YPL011C,TAF3,40,40

YPL013C,MRPS16,59,59

YPL014W,,11,11

YPL015C,HST2,33,33

YPL016W,SWI1,6,6

YPL017C,,29,29

YPL018W,CTF19,-116,300

YPL019C,VTC3,17,17

YPL020C,ULP1,21,21

YPL022W,RAD1,67,67

YPL026C,SKS1,879,879

YPL028W,ERG10,117,117

YPL029W,SUV3,44,44

YPL030W,,16,16

YPL031C,PHO85,217,217

YPL032C,SVL3,24,24

YPL034W,,-301,300

YPL037C,EGD1,-103,300

YPL038W,MET31,95,95

YPL040C,ISM1,-194,300

YPL041C,,54,54

YPL043W,NOP4,22,22

YPL045W,VPS16,30,30

YPL046C,ELC1,5,5

YPL047W,SGF11,21,21

YPL048W,CAM1,45,45

YPL049C,DIG1,26,26

YPL050C,MNN9,7,7

YPL051W,ARL3,72,72

YPL052W,,73,73

YPL053C,KTR6,27,27

YPL055C,LGE1,15,15

YPL057C,SUR1,33,33

YPL058C,PDR12,-282,300

YPL059W,GRX5,94,94

YPL060W,LPE10,29,29

YPL061W,ALD6,115,115

YPL063W,TIM50,39,39

YPL064C,CWC27,173,173

YPL065W,VPS28,259,259

YPL066W,,20,20

YPL067C,,45,45

YPL068C,,33,33

YPL069C,BTS1,95,95

YPL071C,,61,61

YPL072W,UBP16,53,53

YPL074W,YTA6,40,40

YPL075W,GCR1,36,36

YPL076W,GPI2,70,70

YPL079W,RPL21B,84,84

YPL081W,RPS9A,169,169

YPL082C,MOT1,60,60

YPL083C,SEN54,25,25

YPL084W,BRO1,27,27

YPL086C,ELP3,32,32

YPL089C,RLM1,32,32

YPL090C,RPS6A,100,100

YPL091W,GLR1,35,35

YPL093W,NOG1,28,28

YPL094C,SEC62,157,157

YPL096W,PNG1,108,108

YPL097W,MSY1,33,33

YPL100W,ATG21,56,56

YPL101W,ELP4,75,75

YPL103C,FMP30,14,14

YPL104W,MSD1,65,65

YPL105C,,6,6

YPL106C,SSE1,101,101

YPL107W,,74,74

YPL109C,,110,110

YPL110C,,-202,300

YPL111W,CAR1,69,69

YPL112C,PEX25,180,180

YPL115C,BEM3,60,60

YPL116W,HOS3,-32558,300

YPL117C,IDI1,136,136

YPL118W,MRP51,16,16

YPL119C,DBP1,18,18

YPL120W,VPS30,24,24

YPL122C,TFB2,46,46

YPL125W,KAP120,214,214

YPL126W,NAN1,55,55

YPL127C,HHO1,35,35

YPL128C,TBF1,46,46

YPL129W,TAF14,251,251

YPL133C,RDS2,12,12

YPL134C,ODC1,181,181

YPL135W,ISU1,25,25

YPL138C,SPP1,40,40

YPL139C,UME1,-123,300

YPL140C,MKK2,29,29

YPL144W,,-108,300

YPL146C,,33,33

YPL148C,PPT2,-879,300

YPL149W,ATG5,-629,300

YPL150W,,9,9

YPL151C,PRP46,124,124

YPL152W,RRD2,-1019,300

YPL153C,RAD53,2,2

YPL155C,KIP2,-394,300

YPL158C,,2,2

YPL160W,CDC60,81,81

YPL161C,BEM4,39,39

YPL162C,,2,2

YPL166W,,48,48

YPL168W,,107,107

YPL169C,MEX67,41,41

YPL170W,DAP1,-470,300

YPL174C,NIP100,10,10

YPL176C,,3,3

YPL177C,CUP9,27,27

YPL178W,CBC2,87,87

YPL181W,CTI6,29,29

YPL183C,,21,21

YPL183W-A,,2298,2298

YPL184C,,65,65

YPL188W,POS5,86,86

YPL190C,NAB3,38,38

YPL191C,,-537,300

YPL193W,RSA1,30,30

YPL194W,DDC1,16,16

YPL195W,APL5,331,331

YPL196W,OXR1,411,411

YPL198W,RPL7B,82,82

YPL199C,,15,15

YPL202C,AFT2,35,35

YPL203W,TPK2,25,25

YPL204W,HRR25,25,25

YPL206C,,18,18

YPL207W,,164,164

YPL208W,,29,29

YPL209C,IPL1,78,78

YPL210C,SRP72,53,53

YPL211W,NIP7,40,40

YPL212C,PUS1,151,151

YPL213W,LEA1,175,175

YPL214C,THI6,77,77

YPL216W,,52,52

YPL219W,PCL8,14,14

YPL220W,RPL1A,76,76

YPL221W,BOP1,-338,300

YPL222W,FMP40,25,25

YPL223C,GRE1,80,80

YPL225W,,34,34

YPL226W,NEW1,33,33

YPL227C,ALG5,-121,300

YPL228W,CET1,33,33

YPL229W,,84,84

YPL231W,FAS2,19,19

YPL232W,SSO1,14,14

YPL233W,NSL1,26,26

YPL234C,TFP3,75,75

YPL235W,RVB2,250,250

YPL239W,YAR1,25,25

YPL241C,CIN2,44,44

YPL242C,IQG1,-614,300

YPL243W,SRP68,37,37

YPL247C,,60,60

YPL249C,GYP5,-175,300

YPL250C,ICY2,-197,300

YPL254W,HFI1,28,28

YPL256C,CLN2,5,5

YPL259C,APM1,37,37

YPL260W,,57,57

YPL263C,KEL3,29,29

YPL265W,DIP5,7,7

YPL267W,,5,5

YPL268W,PLC1,3,3

YPL269W,KAR9,30,30

YPL270W,MDL2,57,57

YPL271W,ATP15,-176,300

YPL273W,SAM4,129,129

YPL274W,SAM3,16,16

YPL280W,HSP32,-158,300

YPR002W,PDH1,34,34

YPR003C,,35,35

YPR004C,,-164,300

YPR006C,ICL2,60,60

YPR008W,HAA1,17,17

YPR016C,TIF6,69,69

YPR017C,DSS4,154,154

YPR018W,RLF2,24,24

YPR019W,CDC54,-260,300

YPR020W,ATP20,25,25

YPR022C,,20,20

YPR023C,EAF3,70,70

YPR024W,YME1,52,52

YPR025C,CCL1,84,84

YPR029C,APL4,27,27

YPR031W,NTO1,12,12

YPR032W,SRO7,46,46

YPR033C,HTS1,45,45

YPR034W,ARP7,762,762

YPR035W,GLN1,73,73

YPR036W,VMA13,223,223

YPR037C,ERV2,33,33

YPR040W,TIP41,129,129

YPR041W,TIF5,186,186

YPR043W,RPL43A,264,264

YPR045C,,58,58

YPR046W,MCM16,104,104

YPR047W,MSF1,303,303

YPR049C,ATG11,73,73

YPR051W,MAK3,235,235

YPR056W,TFB4,13,13

YPR057W,BRR1,-175,300

YPR060C,ARO7,3,3

YPR061C,JID1,11,11

YPR062W,FCY1,-202,300

YPR063C,,24,24

YPR065W,ROX1,52,52

YPR066W,UBA3,30,30

YPR067W,ISA2,18,18

YPR068C,HOS1,6,6

YPR070W,MED1,25,25

YPR071W,,165,165

YPR072W,NOT5,26,26

YPR073C,LTP1,44,44

YPR075C,OPY2,64,64

YPR079W,MRL1,252,252

YPR080W,TEF1,56,56

YPR081C,GRS2,38,38

YPR083W,MDM36,33,33

YPR086W,SUA7,17,17

YPR091C,,51,51

YPR097W,,19,19

YPR098C,,65,65

YPR100W,MRPL51,-390,300

YPR101W,SNT309,-154,300

YPR102C,RPL11A,71,71

YPR103W,PRE2,-182,300

YPR104C,FHL1,40,40

YPR105C,COG4,35,35

YPR106W,ISR1,14,14

YPR107C,YTH1,146,146

YPR108W,RPN7,-101,300

YPR111W,DBF20,16,16

YPR112C,MRD1,16,16

YPR113W,PIS1,17,17

YPR114W,,27,27

YPR115W,,3,3

YPR116W,,960,960

YPR118W,,-308,300

YPR119W,CLB2,22,22

YPR120C,CLB5,44,44

YPR122W,AXL1,53,53

YPR124W,CTR1,80,80

YPR125W,,44,44

YPR127W,,92,92

YPR128C,ANT1,39,39

YPR129W,SCD6,30,30

YPR131C,NAT3,140,140

YPR132W,RPS23B,43,43

YPR133C,IWS1,86,86

YPR134W,MSS18,34,34

YPR135W,CTF4,49,49

YPR137W,RRP9,79,79

YPR138C,MEP3,1421,1421

YPR139C,VPS66,169,169

YPR140W,TAZ1,26,26

YPR141C,KAR3,27,27

YPR143W,RRP15,66,66

YPR144C,NOC4,39,39

YPR147C,,8,8

YPR148C,,38,38

YPR152C,,1214,1214

YPR153W,,19,19

YPR154W,PIN3,384,384

YPR155C,NCA2,41,41

YPR156C,TPO3,35,35

YPR159W,KRE6,324,324

YPR161C,SGV1,12,12

YPR162C,ORC4,67,67

YPR163C,TIF3,67,67

YPR167C,MET16,54,54

YPR168W,NUT2,55,55

YPR169W,JIP5,50,50

YPR171W,BSP1,65,65

YPR172W,,142,142

YPR173C,VPS4,57,57

YPR174C,,139,139

YPR175W,DPB2,62,62

YPR176C,BET2,-65,300

YPR178W,PRP4,57,57

YPR179C,HDA3,30,30

YPR180W,AOS1,85,85

YPR183W,DPM1,3,3

YPR184W,GDB1,18,18

YPR185W,ATG13,14,14

YPR186C,PZF1,99,99

YPR187W,RPO26,-3704,300

YPR188C,MLC2,6,6

YPR189W,SKI3,32,32

YPR190C,RPC82,27,27

YPR191W,QCR2,352,352